申请号,申请年份,公开公告年份,授权公告年份,申请人,申请人类型,申请人地址,申请人国家,申请人省份,申请人城市,申请人区县,专利名称,专利类型,IPC分类号,IPC主分类号,摘要文本
CN201500000001,2015,2015,2015,Beijing智造科技有限公司,2,BeijingBeijing高新区,CN,Beijing,Beijing,,2015年工业机器人焊接产线控制,发明,B25J9/16,B25J9/16,本发明涉及工业机器人焊接产线控制，用于智能制造场景。
CN201500000002,2015,2015,2015,Shanghai智造科技有限公司,2,ShanghaiShanghai高新区,CN,Shanghai,Shanghai,,2015年预测性维护设备健康管理平台,发明,G05B19/418,G05B19/418,本发明涉及预测性维护设备健康管理平台，用于智能制造场景。
CN201500000003,2015,2015,2015,Shenzhen智造科技有限公司,2,GuangdongShenzhen高新区,CN,Guangdong,Shenzhen,,2015年数字孪生生产线仿真优化,发明,G06F30/20,G06F30/20,本发明涉及数字孪生生产线仿真优化，用于智能制造场景。
CN201500000004,2015,2015,2015,Hangzhou智造科技有限公司,2,ZhejiangHangzhou高新区,CN,Zhejiang,Hangzhou,,2015年智能质检良率分析系统,发明,G01N21/88,G01N21/88,本发明涉及智能质检良率分析系统，用于智能制造场景。
CN201500000005,2015,2015,2015,Suzhou智造科技有限公司,2,JiangsuSuzhou高新区,CN,Jiangsu,Suzhou,,2015年智能排产调度优化方法,发明,G06Q10/06,G06Q10/06,本发明涉及智能排产调度优化方法，用于智能制造场景。
CN201500000006,2015,2015,2015,Nanjing智造科技有限公司,2,JiangsuNanjing高新区,CN,Jiangsu,Nanjing,,2015年化工过程参数闭环控制,发明,G05D1/02,G05D1/02,本发明涉及化工过程参数闭环控制，用于智能制造场景。
CN201500000007,2015,2015,2015,Wuhan智造科技有限公司,2,HubeiWuhan高新区,CN,Hubei,Wuhan,,2015年智能仓储路径优化系统,发明,G06Q10/08,G06Q10/08,本发明涉及智能仓储路径优化系统，用于智能制造场景。
CN201500000008,2015,2015,2015,Chengdu智造科技有限公司,2,SichuanChengdu高新区,CN,Sichuan,Chengdu,,2015年工业互联网MES平台,发明,G06F8/30,G06F8/30,本发明涉及工业互联网MES平台，用于智能制造场景。
CN201500000009,2015,2015,2015,Chongqing智造科技有限公司,2,ChongqingChongqing高新区,CN,Chongqing,Chongqing,,2015年半导体晶圆量测方法,发明,H01L21/672,H01L21/672,本发明涉及半导体晶圆量测方法，用于智能制造场景。
CN201500000010,2015,2015,2015,Xi'an智造科技有限公司,2,ShaanxiXi'an高新区,CN,Shaanxi,Xi'an,,2015年锂电池极片缺陷检测,发明,H01M10/058,H01M10/058,本发明涉及锂电池极片缺陷检测，用于智能制造场景。
CN201500000011,2015,2015,2015,Hefei智造科技有限公司,2,AnhuiHefei高新区,CN,Anhui,Hefei,,2015年反应釜工艺参数优化,发明,C07C1/00,C07C1/00,本发明涉及反应釜工艺参数优化，用于智能制造场景。
CN201500000012,2015,2015,2015,Jinan智造科技有限公司,2,ShandongJinan高新区,CN,Shandong,Jinan,,2015年汽车整车机器视觉检测平台,发明,B60W30/00,B60W30/00,本发明涉及汽车整车机器视觉检测平台，用于智能制造场景。
CN201500000013,2015,2015,2015,Qingdao智造科技有限公司,2,ShandongQingdao高新区,CN,Shandong,Qingdao,,2015年船舶数字孪生智能制造系统,发明,B63B65/00,B63B65/00,本发明涉及船舶数字孪生智能制造系统，用于智能制造场景。
CN201500000014,2015,2015,2015,Ningbo智造科技有限公司,2,ZhejiangNingbo高新区,CN,Zhejiang,Ningbo,,2015年制药智能质检包装线,发明,A61J1/00,A61J1/00,本发明涉及制药智能质检包装线，用于智能制造场景。
CN201500000015,2015,2015,2015,Wuxi智造科技有限公司,2,JiangsuWuxi高新区,CN,Jiangsu,Wuxi,,2015年钢铁冶炼过程控制优化,发明,C21B7/00,C21B7/00,本发明涉及钢铁冶炼过程控制优化，用于智能制造场景。
CN201500000016,2015,2015,2015,Changsha智造科技有限公司,2,HunanChangsha高新区,CN,Hunan,Changsha,,2015年纺织智能排产调度系统,发明,D03D47/00,D03D47/00,本发明涉及纺织智能排产调度系统，用于智能制造场景。
CN201500000017,2015,2015,2015,Zhengzhou智造科技有限公司,2,HenanZhengzhou高新区,CN,Henan,Zhengzhou,,2015年食品灌装机器视觉检测,发明,A23L5/00,A23L5/00,本发明涉及食品灌装机器视觉检测，用于智能制造场景。
CN201500000018,2015,2015,2015,Fuzhou智造科技有限公司,2,FujianFuzhou高新区,CN,Fujian,Fuzhou,,2015年光伏组件机器视觉检测,发明,H02S50/00,H02S50/00,本发明涉及光伏组件机器视觉检测，用于智能制造场景。
CN201500000019,2015,2015,2015,Xiamen智造科技有限公司,2,FujianXiamen高新区,CN,Fujian,Xiamen,,2015年包装机械工业机器人控制,发明,B65B57/20,B65B57/20,本发明涉及包装机械工业机器人控制，用于智能制造场景。
CN201500000020,2015,2015,2015,Kunming智造科技有限公司,2,YunnanKunming高新区,CN,Yunnan,Kunming,,2015年电机预测性维护平台,发明,H02K11/00,H02K11/00,本发明涉及电机预测性维护平台，用于智能制造场景。
CN201500000021,2015,2015,2015,Guiyang智造科技有限公司,2,GuizhouGuiyang高新区,CN,Guizhou,Guiyang,,2015年工程机械智能排产系统,发明,F15B11/00,F15B11/00,本发明涉及工程机械智能排产系统，用于智能制造场景。
CN201500000022,2015,2015,2015,Nanchang智造科技有限公司,2,JiangxiNanchang高新区,CN,Jiangxi,Nanchang,,2015年机器视觉缺陷检测系统,发明,H01L21/66,H01L21/66,本发明涉及机器视觉缺陷检测系统，用于智能制造场景。
CN201500000023,2015,2015,2015,Shijiazhuang智造科技有限公司,2,HebeiShijiazhuang高新区,CN,Hebei,Shijiazhuang,,2015年工业机器人焊接产线控制,发明,B25J9/16,B25J9/16,本发明涉及工业机器人焊接产线控制，用于智能制造场景。
CN201500000024,2015,2015,2015,Taiyuan智造科技有限公司,2,ShanxiTaiyuan高新区,CN,Shanxi,Taiyuan,,2015年预测性维护设备健康管理平台,发明,G05B19/418,G05B19/418,本发明涉及预测性维护设备健康管理平台，用于智能制造场景。
CN201500000025,2015,2015,2015,Hohhot智造科技有限公司,2,Inner MongoliaHohhot高新区,CN,Inner Mongolia,Hohhot,,2015年数字孪生生产线仿真优化,发明,G06F30/20,G06F30/20,本发明涉及数字孪生生产线仿真优化，用于智能制造场景。
CN201500000026,2015,2015,2015,Harbin智造科技有限公司,2,HeilongjiangHarbin高新区,CN,Heilongjiang,Harbin,,2015年智能质检良率分析系统,发明,G01N21/88,G01N21/88,本发明涉及智能质检良率分析系统，用于智能制造场景。
CN201500000027,2015,2015,2015,Changchun智造科技有限公司,2,JilinChangchun高新区,CN,Jilin,Changchun,,2015年智能排产调度优化方法,发明,G06Q10/06,G06Q10/06,本发明涉及智能排产调度优化方法，用于智能制造场景。
CN201500000028,2015,2015,2015,Dalian智造科技有限公司,2,LiaoningDalian高新区,CN,Liaoning,Dalian,,2015年化工过程参数闭环控制,发明,G05D1/02,G05D1/02,本发明涉及化工过程参数闭环控制，用于智能制造场景。
CN201500000029,2015,2015,2015,Shenyang智造科技有限公司,2,LiaoningShenyang高新区,CN,Liaoning,Shenyang,,2015年智能仓储路径优化系统,发明,G06Q10/08,G06Q10/08,本发明涉及智能仓储路径优化系统，用于智能制造场景。
CN201500000030,2015,2015,2015,Tianjin智造科技有限公司,2,TianjinTianjin高新区,CN,Tianjin,Tianjin,,2015年工业互联网MES平台,发明,G06F8/30,G06F8/30,本发明涉及工业互联网MES平台，用于智能制造场景。
CN201500000031,2015,2015,2015,Guangzhou智造科技有限公司,2,GuangdongGuangzhou高新区,CN,Guangdong,Guangzhou,,2015年半导体晶圆量测方法,发明,H01L21/672,H01L21/672,本发明涉及半导体晶圆量测方法，用于智能制造场景。
CN201500000032,2015,2015,2015,Dongguan智造科技有限公司,2,GuangdongDongguan高新区,CN,Guangdong,Dongguan,,2015年锂电池极片缺陷检测,发明,H01M10/058,H01M10/058,本发明涉及锂电池极片缺陷检测，用于智能制造场景。
CN201500000033,2015,2015,2015,Foshan智造科技有限公司,2,GuangdongFoshan高新区,CN,Guangdong,Foshan,,2015年反应釜工艺参数优化,发明,C07C1/00,C07C1/00,本发明涉及反应釜工艺参数优化，用于智能制造场景。
CN201500000034,2015,2015,2015,Zhuhai智造科技有限公司,2,GuangdongZhuhai高新区,CN,Guangdong,Zhuhai,,2015年汽车整车机器视觉检测平台,发明,B60W30/00,B60W30/00,本发明涉及汽车整车机器视觉检测平台，用于智能制造场景。
CN201500000035,2015,2015,2015,Wenzhou智造科技有限公司,2,ZhejiangWenzhou高新区,CN,Zhejiang,Wenzhou,,2015年船舶数字孪生智能制造系统,发明,B63B65/00,B63B65/00,本发明涉及船舶数字孪生智能制造系统，用于智能制造场景。
CN201500000036,2015,2015,2015,Jiaxing智造科技有限公司,2,ZhejiangJiaxing高新区,CN,Zhejiang,Jiaxing,,2015年制药智能质检包装线,发明,A61J1/00,A61J1/00,本发明涉及制药智能质检包装线，用于智能制造场景。
CN201500000037,2015,2015,2015,Shaoxing智造科技有限公司,2,ZhejiangShaoxing高新区,CN,Zhejiang,Shaoxing,,2015年钢铁冶炼过程控制优化,发明,C21B7/00,C21B7/00,本发明涉及钢铁冶炼过程控制优化，用于智能制造场景。
CN201500000038,2015,2015,2015,Yantai智造科技有限公司,2,ShandongYantai高新区,CN,Shandong,Yantai,,2015年纺织智能排产调度系统,发明,D03D47/00,D03D47/00,本发明涉及纺织智能排产调度系统，用于智能制造场景。
CN201500000039,2015,2015,2015,Weifang智造科技有限公司,2,ShandongWeifang高新区,CN,Shandong,Weifang,,2015年食品灌装机器视觉检测,发明,A23L5/00,A23L5/00,本发明涉及食品灌装机器视觉检测，用于智能制造场景。
CN201500000040,2015,2015,2015,Zibo智造科技有限公司,2,ShandongZibo高新区,CN,Shandong,Zibo,,2015年光伏组件机器视觉检测,发明,H02S50/00,H02S50/00,本发明涉及光伏组件机器视觉检测，用于智能制造场景。
CN201500000041,2015,2015,2015,Luoyang智造科技有限公司,2,HenanLuoyang高新区,CN,Henan,Luoyang,,2015年包装机械工业机器人控制,发明,B65B57/20,B65B57/20,本发明涉及包装机械工业机器人控制，用于智能制造场景。
CN201500000042,2015,2015,2015,Xuzhou智造科技有限公司,2,JiangsuXuzhou高新区,CN,Jiangsu,Xuzhou,,2015年电机预测性维护平台,发明,H02K11/00,H02K11/00,本发明涉及电机预测性维护平台，用于智能制造场景。
CN201500000043,2015,2015,2015,Nantong智造科技有限公司,2,JiangsuNantong高新区,CN,Jiangsu,Nantong,,2015年工程机械智能排产系统,发明,F15B11/00,F15B11/00,本发明涉及工程机械智能排产系统，用于智能制造场景。
CN201500000044,2015,2015,2015,Yangzhou智造科技有限公司,2,JiangsuYangzhou高新区,CN,Jiangsu,Yangzhou,,2015年机器视觉缺陷检测系统,发明,H01L21/66,H01L21/66,本发明涉及机器视觉缺陷检测系统，用于智能制造场景。
CN201500000045,2015,2015,2015,Zhenjiang智造科技有限公司,2,JiangsuZhenjiang高新区,CN,Jiangsu,Zhenjiang,,2015年工业机器人焊接产线控制,发明,B25J9/16,B25J9/16,本发明涉及工业机器人焊接产线控制，用于智能制造场景。
CN201500000046,2015,2015,2015,Huzhou智造科技有限公司,2,ZhejiangHuzhou高新区,CN,Zhejiang,Huzhou,,2015年预测性维护设备健康管理平台,发明,G05B19/418,G05B19/418,本发明涉及预测性维护设备健康管理平台，用于智能制造场景。
CN201500000047,2015,2015,2015,Jinhua智造科技有限公司,2,ZhejiangJinhua高新区,CN,Zhejiang,Jinhua,,2015年数字孪生生产线仿真优化,发明,G06F30/20,G06F30/20,本发明涉及数字孪生生产线仿真优化，用于智能制造场景。
CN201500000048,2015,2015,2015,Taizhou智造科技有限公司,2,ZhejiangTaizhou高新区,CN,Zhejiang,Taizhou,,2015年智能质检良率分析系统,发明,G01N21/88,G01N21/88,本发明涉及智能质检良率分析系统，用于智能制造场景。
CN201500000049,2015,2015,2015,Quanzhou智造科技有限公司,2,FujianQuanzhou高新区,CN,Fujian,Quanzhou,,2015年智能排产调度优化方法,发明,G06Q10/06,G06Q10/06,本发明涉及智能排产调度优化方法，用于智能制造场景。
CN201500000050,2015,2015,2015,Zhongshan智造科技有限公司,2,GuangdongZhongshan高新区,CN,Guangdong,Zhongshan,,2015年化工过程参数闭环控制,发明,G05D1/02,G05D1/02,本发明涉及化工过程参数闭环控制，用于智能制造场景。
CN201500000051,2015,2015,2015,Huizhou智造科技有限公司,2,GuangdongHuizhou高新区,CN,Guangdong,Huizhou,,2015年智能仓储路径优化系统,发明,G06Q10/08,G06Q10/08,本发明涉及智能仓储路径优化系统，用于智能制造场景。
CN201500000052,2015,2015,2015,Jiangmen智造科技有限公司,2,GuangdongJiangmen高新区,CN,Guangdong,Jiangmen,,2015年工业互联网MES平台,发明,G06F8/30,G06F8/30,本发明涉及工业互联网MES平台，用于智能制造场景。
CN201500000053,2015,2015,2015,Zhaoqing智造科技有限公司,2,GuangdongZhaoqing高新区,CN,Guangdong,Zhaoqing,,2015年半导体晶圆量测方法,发明,H01L21/672,H01L21/672,本发明涉及半导体晶圆量测方法，用于智能制造场景。
CN201500000054,2015,2015,2015,Maanshan智造科技有限公司,2,AnhuiMaanshan高新区,CN,Anhui,Maanshan,,2015年锂电池极片缺陷检测,发明,H01M10/058,H01M10/058,本发明涉及锂电池极片缺陷检测，用于智能制造场景。
CN201500000055,2015,2015,2015,Wuhu智造科技有限公司,2,AnhuiWuhu高新区,CN,Anhui,Wuhu,,2015年反应釜工艺参数优化,发明,C07C1/00,C07C1/00,本发明涉及反应釜工艺参数优化，用于智能制造场景。
CN201500000056,2015,2015,2015,Bengbu智造科技有限公司,2,AnhuiBengbu高新区,CN,Anhui,Bengbu,,2015年汽车整车机器视觉检测平台,发明,B60W30/00,B60W30/00,本发明涉及汽车整车机器视觉检测平台，用于智能制造场景。
CN201600000057,2016,2016,2016,Beijing智造科技有限公司,2,BeijingBeijing高新区,CN,Beijing,Beijing,,2016年船舶数字孪生智能制造系统,发明,B63B65/00,B63B65/00,本发明涉及船舶数字孪生智能制造系统，用于智能制造场景。
CN201600000058,2016,2016,2016,Shanghai智造科技有限公司,2,ShanghaiShanghai高新区,CN,Shanghai,Shanghai,,2016年制药智能质检包装线,发明,A61J1/00,A61J1/00,本发明涉及制药智能质检包装线，用于智能制造场景。
CN201600000059,2016,2016,2016,Shenzhen智造科技有限公司,2,GuangdongShenzhen高新区,CN,Guangdong,Shenzhen,,2016年钢铁冶炼过程控制优化,发明,C21B7/00,C21B7/00,本发明涉及钢铁冶炼过程控制优化，用于智能制造场景。
CN201600000060,2016,2016,2016,Hangzhou智造科技有限公司,2,ZhejiangHangzhou高新区,CN,Zhejiang,Hangzhou,,2016年纺织智能排产调度系统,发明,D03D47/00,D03D47/00,本发明涉及纺织智能排产调度系统，用于智能制造场景。
CN201600000061,2016,2016,2016,Suzhou智造科技有限公司,2,JiangsuSuzhou高新区,CN,Jiangsu,Suzhou,,2016年食品灌装机器视觉检测,发明,A23L5/00,A23L5/00,本发明涉及食品灌装机器视觉检测，用于智能制造场景。
CN201600000062,2016,2016,2016,Nanjing智造科技有限公司,2,JiangsuNanjing高新区,CN,Jiangsu,Nanjing,,2016年光伏组件机器视觉检测,发明,H02S50/00,H02S50/00,本发明涉及光伏组件机器视觉检测，用于智能制造场景。
CN201600000063,2016,2016,2016,Wuhan智造科技有限公司,2,HubeiWuhan高新区,CN,Hubei,Wuhan,,2016年包装机械工业机器人控制,发明,B65B57/20,B65B57/20,本发明涉及包装机械工业机器人控制，用于智能制造场景。
CN201600000064,2016,2016,2016,Chengdu智造科技有限公司,2,SichuanChengdu高新区,CN,Sichuan,Chengdu,,2016年电机预测性维护平台,发明,H02K11/00,H02K11/00,本发明涉及电机预测性维护平台，用于智能制造场景。
CN201600000065,2016,2016,2016,Chongqing智造科技有限公司,2,ChongqingChongqing高新区,CN,Chongqing,Chongqing,,2016年工程机械智能排产系统,发明,F15B11/00,F15B11/00,本发明涉及工程机械智能排产系统，用于智能制造场景。
CN201600000066,2016,2016,2016,Xi'an智造科技有限公司,2,ShaanxiXi'an高新区,CN,Shaanxi,Xi'an,,2016年机器视觉缺陷检测系统,发明,H01L21/66,H01L21/66,本发明涉及机器视觉缺陷检测系统，用于智能制造场景。
CN201600000067,2016,2016,2016,Hefei智造科技有限公司,2,AnhuiHefei高新区,CN,Anhui,Hefei,,2016年工业机器人焊接产线控制,发明,B25J9/16,B25J9/16,本发明涉及工业机器人焊接产线控制，用于智能制造场景。
CN201600000068,2016,2016,2016,Jinan智造科技有限公司,2,ShandongJinan高新区,CN,Shandong,Jinan,,2016年预测性维护设备健康管理平台,发明,G05B19/418,G05B19/418,本发明涉及预测性维护设备健康管理平台，用于智能制造场景。
CN201600000069,2016,2016,2016,Qingdao智造科技有限公司,2,ShandongQingdao高新区,CN,Shandong,Qingdao,,2016年数字孪生生产线仿真优化,发明,G06F30/20,G06F30/20,本发明涉及数字孪生生产线仿真优化，用于智能制造场景。
CN201600000070,2016,2016,2016,Ningbo智造科技有限公司,2,ZhejiangNingbo高新区,CN,Zhejiang,Ningbo,,2016年智能质检良率分析系统,发明,G01N21/88,G01N21/88,本发明涉及智能质检良率分析系统，用于智能制造场景。
CN201600000071,2016,2016,2016,Wuxi智造科技有限公司,2,JiangsuWuxi高新区,CN,Jiangsu,Wuxi,,2016年智能排产调度优化方法,发明,G06Q10/06,G06Q10/06,本发明涉及智能排产调度优化方法，用于智能制造场景。
CN201600000072,2016,2016,2016,Changsha智造科技有限公司,2,HunanChangsha高新区,CN,Hunan,Changsha,,2016年化工过程参数闭环控制,发明,G05D1/02,G05D1/02,本发明涉及化工过程参数闭环控制，用于智能制造场景。
CN201600000073,2016,2016,2016,Zhengzhou智造科技有限公司,2,HenanZhengzhou高新区,CN,Henan,Zhengzhou,,2016年智能仓储路径优化系统,发明,G06Q10/08,G06Q10/08,本发明涉及智能仓储路径优化系统，用于智能制造场景。
CN201600000074,2016,2016,2016,Fuzhou智造科技有限公司,2,FujianFuzhou高新区,CN,Fujian,Fuzhou,,2016年工业互联网MES平台,发明,G06F8/30,G06F8/30,本发明涉及工业互联网MES平台，用于智能制造场景。
CN201600000075,2016,2016,2016,Xiamen智造科技有限公司,2,FujianXiamen高新区,CN,Fujian,Xiamen,,2016年半导体晶圆量测方法,发明,H01L21/672,H01L21/672,本发明涉及半导体晶圆量测方法，用于智能制造场景。
CN201600000076,2016,2016,2016,Kunming智造科技有限公司,2,YunnanKunming高新区,CN,Yunnan,Kunming,,2016年锂电池极片缺陷检测,发明,H01M10/058,H01M10/058,本发明涉及锂电池极片缺陷检测，用于智能制造场景。
CN201600000077,2016,2016,2016,Guiyang智造科技有限公司,2,GuizhouGuiyang高新区,CN,Guizhou,Guiyang,,2016年反应釜工艺参数优化,发明,C07C1/00,C07C1/00,本发明涉及反应釜工艺参数优化，用于智能制造场景。
CN201600000078,2016,2016,2016,Nanchang智造科技有限公司,2,JiangxiNanchang高新区,CN,Jiangxi,Nanchang,,2016年汽车整车机器视觉检测平台,发明,B60W30/00,B60W30/00,本发明涉及汽车整车机器视觉检测平台，用于智能制造场景。
CN201600000079,2016,2016,2016,Shijiazhuang智造科技有限公司,2,HebeiShijiazhuang高新区,CN,Hebei,Shijiazhuang,,2016年船舶数字孪生智能制造系统,发明,B63B65/00,B63B65/00,本发明涉及船舶数字孪生智能制造系统，用于智能制造场景。
CN201600000080,2016,2016,2016,Taiyuan智造科技有限公司,2,ShanxiTaiyuan高新区,CN,Shanxi,Taiyuan,,2016年制药智能质检包装线,发明,A61J1/00,A61J1/00,本发明涉及制药智能质检包装线，用于智能制造场景。
CN201600000081,2016,2016,2016,Hohhot智造科技有限公司,2,Inner MongoliaHohhot高新区,CN,Inner Mongolia,Hohhot,,2016年钢铁冶炼过程控制优化,发明,C21B7/00,C21B7/00,本发明涉及钢铁冶炼过程控制优化，用于智能制造场景。
CN201600000082,2016,2016,2016,Harbin智造科技有限公司,2,HeilongjiangHarbin高新区,CN,Heilongjiang,Harbin,,2016年纺织智能排产调度系统,发明,D03D47/00,D03D47/00,本发明涉及纺织智能排产调度系统，用于智能制造场景。
CN201600000083,2016,2016,2016,Changchun智造科技有限公司,2,JilinChangchun高新区,CN,Jilin,Changchun,,2016年食品灌装机器视觉检测,发明,A23L5/00,A23L5/00,本发明涉及食品灌装机器视觉检测，用于智能制造场景。
CN201600000084,2016,2016,2016,Dalian智造科技有限公司,2,LiaoningDalian高新区,CN,Liaoning,Dalian,,2016年光伏组件机器视觉检测,发明,H02S50/00,H02S50/00,本发明涉及光伏组件机器视觉检测，用于智能制造场景。
CN201600000085,2016,2016,2016,Shenyang智造科技有限公司,2,LiaoningShenyang高新区,CN,Liaoning,Shenyang,,2016年包装机械工业机器人控制,发明,B65B57/20,B65B57/20,本发明涉及包装机械工业机器人控制，用于智能制造场景。
CN201600000086,2016,2016,2016,Tianjin智造科技有限公司,2,TianjinTianjin高新区,CN,Tianjin,Tianjin,,2016年电机预测性维护平台,发明,H02K11/00,H02K11/00,本发明涉及电机预测性维护平台，用于智能制造场景。
CN201600000087,2016,2016,2016,Guangzhou智造科技有限公司,2,GuangdongGuangzhou高新区,CN,Guangdong,Guangzhou,,2016年工程机械智能排产系统,发明,F15B11/00,F15B11/00,本发明涉及工程机械智能排产系统，用于智能制造场景。
CN201600000088,2016,2016,2016,Dongguan智造科技有限公司,2,GuangdongDongguan高新区,CN,Guangdong,Dongguan,,2016年机器视觉缺陷检测系统,发明,H01L21/66,H01L21/66,本发明涉及机器视觉缺陷检测系统，用于智能制造场景。
CN201600000089,2016,2016,2016,Foshan智造科技有限公司,2,GuangdongFoshan高新区,CN,Guangdong,Foshan,,2016年工业机器人焊接产线控制,发明,B25J9/16,B25J9/16,本发明涉及工业机器人焊接产线控制，用于智能制造场景。
CN201600000090,2016,2016,2016,Zhuhai智造科技有限公司,2,GuangdongZhuhai高新区,CN,Guangdong,Zhuhai,,2016年预测性维护设备健康管理平台,发明,G05B19/418,G05B19/418,本发明涉及预测性维护设备健康管理平台，用于智能制造场景。
CN201600000091,2016,2016,2016,Wenzhou智造科技有限公司,2,ZhejiangWenzhou高新区,CN,Zhejiang,Wenzhou,,2016年数字孪生生产线仿真优化,发明,G06F30/20,G06F30/20,本发明涉及数字孪生生产线仿真优化，用于智能制造场景。
CN201600000092,2016,2016,2016,Jiaxing智造科技有限公司,2,ZhejiangJiaxing高新区,CN,Zhejiang,Jiaxing,,2016年智能质检良率分析系统,发明,G01N21/88,G01N21/88,本发明涉及智能质检良率分析系统，用于智能制造场景。
CN201600000093,2016,2016,2016,Shaoxing智造科技有限公司,2,ZhejiangShaoxing高新区,CN,Zhejiang,Shaoxing,,2016年智能排产调度优化方法,发明,G06Q10/06,G06Q10/06,本发明涉及智能排产调度优化方法，用于智能制造场景。
CN201600000094,2016,2016,2016,Yantai智造科技有限公司,2,ShandongYantai高新区,CN,Shandong,Yantai,,2016年化工过程参数闭环控制,发明,G05D1/02,G05D1/02,本发明涉及化工过程参数闭环控制，用于智能制造场景。
CN201600000095,2016,2016,2016,Weifang智造科技有限公司,2,ShandongWeifang高新区,CN,Shandong,Weifang,,2016年智能仓储路径优化系统,发明,G06Q10/08,G06Q10/08,本发明涉及智能仓储路径优化系统，用于智能制造场景。
CN201600000096,2016,2016,2016,Zibo智造科技有限公司,2,ShandongZibo高新区,CN,Shandong,Zibo,,2016年工业互联网MES平台,发明,G06F8/30,G06F8/30,本发明涉及工业互联网MES平台，用于智能制造场景。
CN201600000097,2016,2016,2016,Luoyang智造科技有限公司,2,HenanLuoyang高新区,CN,Henan,Luoyang,,2016年半导体晶圆量测方法,发明,H01L21/672,H01L21/672,本发明涉及半导体晶圆量测方法，用于智能制造场景。
CN201600000098,2016,2016,2016,Xuzhou智造科技有限公司,2,JiangsuXuzhou高新区,CN,Jiangsu,Xuzhou,,2016年锂电池极片缺陷检测,发明,H01M10/058,H01M10/058,本发明涉及锂电池极片缺陷检测，用于智能制造场景。
CN201600000099,2016,2016,2016,Nantong智造科技有限公司,2,JiangsuNantong高新区,CN,Jiangsu,Nantong,,2016年反应釜工艺参数优化,发明,C07C1/00,C07C1/00,本发明涉及反应釜工艺参数优化，用于智能制造场景。
CN201600000100,2016,2016,2016,Yangzhou智造科技有限公司,2,JiangsuYangzhou高新区,CN,Jiangsu,Yangzhou,,2016年汽车整车机器视觉检测平台,发明,B60W30/00,B60W30/00,本发明涉及汽车整车机器视觉检测平台，用于智能制造场景。
CN201600000101,2016,2016,2016,Zhenjiang智造科技有限公司,2,JiangsuZhenjiang高新区,CN,Jiangsu,Zhenjiang,,2016年船舶数字孪生智能制造系统,发明,B63B65/00,B63B65/00,本发明涉及船舶数字孪生智能制造系统，用于智能制造场景。
CN201600000102,2016,2016,2016,Huzhou智造科技有限公司,2,ZhejiangHuzhou高新区,CN,Zhejiang,Huzhou,,2016年制药智能质检包装线,发明,A61J1/00,A61J1/00,本发明涉及制药智能质检包装线，用于智能制造场景。
CN201600000103,2016,2016,2016,Jinhua智造科技有限公司,2,ZhejiangJinhua高新区,CN,Zhejiang,Jinhua,,2016年钢铁冶炼过程控制优化,发明,C21B7/00,C21B7/00,本发明涉及钢铁冶炼过程控制优化，用于智能制造场景。
CN201600000104,2016,2016,2016,Taizhou智造科技有限公司,2,ZhejiangTaizhou高新区,CN,Zhejiang,Taizhou,,2016年纺织智能排产调度系统,发明,D03D47/00,D03D47/00,本发明涉及纺织智能排产调度系统，用于智能制造场景。
CN201600000105,2016,2016,2016,Quanzhou智造科技有限公司,2,FujianQuanzhou高新区,CN,Fujian,Quanzhou,,2016年食品灌装机器视觉检测,发明,A23L5/00,A23L5/00,本发明涉及食品灌装机器视觉检测，用于智能制造场景。
CN201600000106,2016,2016,2016,Zhongshan智造科技有限公司,2,GuangdongZhongshan高新区,CN,Guangdong,Zhongshan,,2016年光伏组件机器视觉检测,发明,H02S50/00,H02S50/00,本发明涉及光伏组件机器视觉检测，用于智能制造场景。
CN201600000107,2016,2016,2016,Huizhou智造科技有限公司,2,GuangdongHuizhou高新区,CN,Guangdong,Huizhou,,2016年包装机械工业机器人控制,发明,B65B57/20,B65B57/20,本发明涉及包装机械工业机器人控制，用于智能制造场景。
CN201600000108,2016,2016,2016,Jiangmen智造科技有限公司,2,GuangdongJiangmen高新区,CN,Guangdong,Jiangmen,,2016年电机预测性维护平台,发明,H02K11/00,H02K11/00,本发明涉及电机预测性维护平台，用于智能制造场景。
CN201600000109,2016,2016,2016,Zhaoqing智造科技有限公司,2,GuangdongZhaoqing高新区,CN,Guangdong,Zhaoqing,,2016年工程机械智能排产系统,发明,F15B11/00,F15B11/00,本发明涉及工程机械智能排产系统，用于智能制造场景。
CN201600000110,2016,2016,2016,Maanshan智造科技有限公司,2,AnhuiMaanshan高新区,CN,Anhui,Maanshan,,2016年机器视觉缺陷检测系统,发明,H01L21/66,H01L21/66,本发明涉及机器视觉缺陷检测系统，用于智能制造场景。
CN201600000111,2016,2016,2016,Wuhu智造科技有限公司,2,AnhuiWuhu高新区,CN,Anhui,Wuhu,,2016年工业机器人焊接产线控制,发明,B25J9/16,B25J9/16,本发明涉及工业机器人焊接产线控制，用于智能制造场景。
CN201600000112,2016,2016,2016,Bengbu智造科技有限公司,2,AnhuiBengbu高新区,CN,Anhui,Bengbu,,2016年预测性维护设备健康管理平台,发明,G05B19/418,G05B19/418,本发明涉及预测性维护设备健康管理平台，用于智能制造场景。
CN201700000113,2017,2017,2017,Beijing智造科技有限公司,2,BeijingBeijing高新区,CN,Beijing,Beijing,,2017年数字孪生生产线仿真优化,发明,G06F30/20,G06F30/20,本发明涉及数字孪生生产线仿真优化，用于智能制造场景。
CN201700000114,2017,2017,2017,Shanghai智造科技有限公司,2,ShanghaiShanghai高新区,CN,Shanghai,Shanghai,,2017年智能质检良率分析系统,发明,G01N21/88,G01N21/88,本发明涉及智能质检良率分析系统，用于智能制造场景。
CN201700000115,2017,2017,2017,Shenzhen智造科技有限公司,2,GuangdongShenzhen高新区,CN,Guangdong,Shenzhen,,2017年智能排产调度优化方法,发明,G06Q10/06,G06Q10/06,本发明涉及智能排产调度优化方法，用于智能制造场景。
CN201700000116,2017,2017,2017,Hangzhou智造科技有限公司,2,ZhejiangHangzhou高新区,CN,Zhejiang,Hangzhou,,2017年化工过程参数闭环控制,发明,G05D1/02,G05D1/02,本发明涉及化工过程参数闭环控制，用于智能制造场景。
CN201700000117,2017,2017,2017,Suzhou智造科技有限公司,2,JiangsuSuzhou高新区,CN,Jiangsu,Suzhou,,2017年智能仓储路径优化系统,发明,G06Q10/08,G06Q10/08,本发明涉及智能仓储路径优化系统，用于智能制造场景。
CN201700000118,2017,2017,2017,Nanjing智造科技有限公司,2,JiangsuNanjing高新区,CN,Jiangsu,Nanjing,,2017年工业互联网MES平台,发明,G06F8/30,G06F8/30,本发明涉及工业互联网MES平台，用于智能制造场景。
CN201700000119,2017,2017,2017,Wuhan智造科技有限公司,2,HubeiWuhan高新区,CN,Hubei,Wuhan,,2017年半导体晶圆量测方法,发明,H01L21/672,H01L21/672,本发明涉及半导体晶圆量测方法，用于智能制造场景。
CN201700000120,2017,2017,2017,Chengdu智造科技有限公司,2,SichuanChengdu高新区,CN,Sichuan,Chengdu,,2017年锂电池极片缺陷检测,发明,H01M10/058,H01M10/058,本发明涉及锂电池极片缺陷检测，用于智能制造场景。
CN201700000121,2017,2017,2017,Chongqing智造科技有限公司,2,ChongqingChongqing高新区,CN,Chongqing,Chongqing,,2017年反应釜工艺参数优化,发明,C07C1/00,C07C1/00,本发明涉及反应釜工艺参数优化，用于智能制造场景。
CN201700000122,2017,2017,2017,Xi'an智造科技有限公司,2,ShaanxiXi'an高新区,CN,Shaanxi,Xi'an,,2017年汽车整车机器视觉检测平台,发明,B60W30/00,B60W30/00,本发明涉及汽车整车机器视觉检测平台，用于智能制造场景。
CN201700000123,2017,2017,2017,Hefei智造科技有限公司,2,AnhuiHefei高新区,CN,Anhui,Hefei,,2017年船舶数字孪生智能制造系统,发明,B63B65/00,B63B65/00,本发明涉及船舶数字孪生智能制造系统，用于智能制造场景。
CN201700000124,2017,2017,2017,Jinan智造科技有限公司,2,ShandongJinan高新区,CN,Shandong,Jinan,,2017年制药智能质检包装线,发明,A61J1/00,A61J1/00,本发明涉及制药智能质检包装线，用于智能制造场景。
CN201700000125,2017,2017,2017,Qingdao智造科技有限公司,2,ShandongQingdao高新区,CN,Shandong,Qingdao,,2017年钢铁冶炼过程控制优化,发明,C21B7/00,C21B7/00,本发明涉及钢铁冶炼过程控制优化，用于智能制造场景。
CN201700000126,2017,2017,2017,Ningbo智造科技有限公司,2,ZhejiangNingbo高新区,CN,Zhejiang,Ningbo,,2017年纺织智能排产调度系统,发明,D03D47/00,D03D47/00,本发明涉及纺织智能排产调度系统，用于智能制造场景。
CN201700000127,2017,2017,2017,Wuxi智造科技有限公司,2,JiangsuWuxi高新区,CN,Jiangsu,Wuxi,,2017年食品灌装机器视觉检测,发明,A23L5/00,A23L5/00,本发明涉及食品灌装机器视觉检测，用于智能制造场景。
CN201700000128,2017,2017,2017,Changsha智造科技有限公司,2,HunanChangsha高新区,CN,Hunan,Changsha,,2017年光伏组件机器视觉检测,发明,H02S50/00,H02S50/00,本发明涉及光伏组件机器视觉检测，用于智能制造场景。
CN201700000129,2017,2017,2017,Zhengzhou智造科技有限公司,2,HenanZhengzhou高新区,CN,Henan,Zhengzhou,,2017年包装机械工业机器人控制,发明,B65B57/20,B65B57/20,本发明涉及包装机械工业机器人控制，用于智能制造场景。
CN201700000130,2017,2017,2017,Fuzhou智造科技有限公司,2,FujianFuzhou高新区,CN,Fujian,Fuzhou,,2017年电机预测性维护平台,发明,H02K11/00,H02K11/00,本发明涉及电机预测性维护平台，用于智能制造场景。
CN201700000131,2017,2017,2017,Xiamen智造科技有限公司,2,FujianXiamen高新区,CN,Fujian,Xiamen,,2017年工程机械智能排产系统,发明,F15B11/00,F15B11/00,本发明涉及工程机械智能排产系统，用于智能制造场景。
CN201700000132,2017,2017,2017,Kunming智造科技有限公司,2,YunnanKunming高新区,CN,Yunnan,Kunming,,2017年机器视觉缺陷检测系统,发明,H01L21/66,H01L21/66,本发明涉及机器视觉缺陷检测系统，用于智能制造场景。
CN201700000133,2017,2017,2017,Guiyang智造科技有限公司,2,GuizhouGuiyang高新区,CN,Guizhou,Guiyang,,2017年工业机器人焊接产线控制,发明,B25J9/16,B25J9/16,本发明涉及工业机器人焊接产线控制，用于智能制造场景。
CN201700000134,2017,2017,2017,Nanchang智造科技有限公司,2,JiangxiNanchang高新区,CN,Jiangxi,Nanchang,,2017年预测性维护设备健康管理平台,发明,G05B19/418,G05B19/418,本发明涉及预测性维护设备健康管理平台，用于智能制造场景。
CN201700000135,2017,2017,2017,Shijiazhuang智造科技有限公司,2,HebeiShijiazhuang高新区,CN,Hebei,Shijiazhuang,,2017年数字孪生生产线仿真优化,发明,G06F30/20,G06F30/20,本发明涉及数字孪生生产线仿真优化，用于智能制造场景。
CN201700000136,2017,2017,2017,Taiyuan智造科技有限公司,2,ShanxiTaiyuan高新区,CN,Shanxi,Taiyuan,,2017年智能质检良率分析系统,发明,G01N21/88,G01N21/88,本发明涉及智能质检良率分析系统，用于智能制造场景。
CN201700000137,2017,2017,2017,Hohhot智造科技有限公司,2,Inner MongoliaHohhot高新区,CN,Inner Mongolia,Hohhot,,2017年智能排产调度优化方法,发明,G06Q10/06,G06Q10/06,本发明涉及智能排产调度优化方法，用于智能制造场景。
CN201700000138,2017,2017,2017,Harbin智造科技有限公司,2,HeilongjiangHarbin高新区,CN,Heilongjiang,Harbin,,2017年化工过程参数闭环控制,发明,G05D1/02,G05D1/02,本发明涉及化工过程参数闭环控制，用于智能制造场景。
CN201700000139,2017,2017,2017,Changchun智造科技有限公司,2,JilinChangchun高新区,CN,Jilin,Changchun,,2017年智能仓储路径优化系统,发明,G06Q10/08,G06Q10/08,本发明涉及智能仓储路径优化系统，用于智能制造场景。
CN201700000140,2017,2017,2017,Dalian智造科技有限公司,2,LiaoningDalian高新区,CN,Liaoning,Dalian,,2017年工业互联网MES平台,发明,G06F8/30,G06F8/30,本发明涉及工业互联网MES平台，用于智能制造场景。
CN201700000141,2017,2017,2017,Shenyang智造科技有限公司,2,LiaoningShenyang高新区,CN,Liaoning,Shenyang,,2017年半导体晶圆量测方法,发明,H01L21/672,H01L21/672,本发明涉及半导体晶圆量测方法，用于智能制造场景。
CN201700000142,2017,2017,2017,Tianjin智造科技有限公司,2,TianjinTianjin高新区,CN,Tianjin,Tianjin,,2017年锂电池极片缺陷检测,发明,H01M10/058,H01M10/058,本发明涉及锂电池极片缺陷检测，用于智能制造场景。
CN201700000143,2017,2017,2017,Guangzhou智造科技有限公司,2,GuangdongGuangzhou高新区,CN,Guangdong,Guangzhou,,2017年反应釜工艺参数优化,发明,C07C1/00,C07C1/00,本发明涉及反应釜工艺参数优化，用于智能制造场景。
CN201700000144,2017,2017,2017,Dongguan智造科技有限公司,2,GuangdongDongguan高新区,CN,Guangdong,Dongguan,,2017年汽车整车机器视觉检测平台,发明,B60W30/00,B60W30/00,本发明涉及汽车整车机器视觉检测平台，用于智能制造场景。
CN201700000145,2017,2017,2017,Foshan智造科技有限公司,2,GuangdongFoshan高新区,CN,Guangdong,Foshan,,2017年船舶数字孪生智能制造系统,发明,B63B65/00,B63B65/00,本发明涉及船舶数字孪生智能制造系统，用于智能制造场景。
CN201700000146,2017,2017,2017,Zhuhai智造科技有限公司,2,GuangdongZhuhai高新区,CN,Guangdong,Zhuhai,,2017年制药智能质检包装线,发明,A61J1/00,A61J1/00,本发明涉及制药智能质检包装线，用于智能制造场景。
CN201700000147,2017,2017,2017,Wenzhou智造科技有限公司,2,ZhejiangWenzhou高新区,CN,Zhejiang,Wenzhou,,2017年钢铁冶炼过程控制优化,发明,C21B7/00,C21B7/00,本发明涉及钢铁冶炼过程控制优化，用于智能制造场景。
CN201700000148,2017,2017,2017,Jiaxing智造科技有限公司,2,ZhejiangJiaxing高新区,CN,Zhejiang,Jiaxing,,2017年纺织智能排产调度系统,发明,D03D47/00,D03D47/00,本发明涉及纺织智能排产调度系统，用于智能制造场景。
CN201700000149,2017,2017,2017,Shaoxing智造科技有限公司,2,ZhejiangShaoxing高新区,CN,Zhejiang,Shaoxing,,2017年食品灌装机器视觉检测,发明,A23L5/00,A23L5/00,本发明涉及食品灌装机器视觉检测，用于智能制造场景。
CN201700000150,2017,2017,2017,Yantai智造科技有限公司,2,ShandongYantai高新区,CN,Shandong,Yantai,,2017年光伏组件机器视觉检测,发明,H02S50/00,H02S50/00,本发明涉及光伏组件机器视觉检测，用于智能制造场景。
CN201700000151,2017,2017,2017,Weifang智造科技有限公司,2,ShandongWeifang高新区,CN,Shandong,Weifang,,2017年包装机械工业机器人控制,发明,B65B57/20,B65B57/20,本发明涉及包装机械工业机器人控制，用于智能制造场景。
CN201700000152,2017,2017,2017,Zibo智造科技有限公司,2,ShandongZibo高新区,CN,Shandong,Zibo,,2017年电机预测性维护平台,发明,H02K11/00,H02K11/00,本发明涉及电机预测性维护平台，用于智能制造场景。
CN201700000153,2017,2017,2017,Luoyang智造科技有限公司,2,HenanLuoyang高新区,CN,Henan,Luoyang,,2017年工程机械智能排产系统,发明,F15B11/00,F15B11/00,本发明涉及工程机械智能排产系统，用于智能制造场景。
CN201700000154,2017,2017,2017,Xuzhou智造科技有限公司,2,JiangsuXuzhou高新区,CN,Jiangsu,Xuzhou,,2017年机器视觉缺陷检测系统,发明,H01L21/66,H01L21/66,本发明涉及机器视觉缺陷检测系统，用于智能制造场景。
CN201700000155,2017,2017,2017,Nantong智造科技有限公司,2,JiangsuNantong高新区,CN,Jiangsu,Nantong,,2017年工业机器人焊接产线控制,发明,B25J9/16,B25J9/16,本发明涉及工业机器人焊接产线控制，用于智能制造场景。
CN201700000156,2017,2017,2017,Yangzhou智造科技有限公司,2,JiangsuYangzhou高新区,CN,Jiangsu,Yangzhou,,2017年预测性维护设备健康管理平台,发明,G05B19/418,G05B19/418,本发明涉及预测性维护设备健康管理平台，用于智能制造场景。
CN201700000157,2017,2017,2017,Zhenjiang智造科技有限公司,2,JiangsuZhenjiang高新区,CN,Jiangsu,Zhenjiang,,2017年数字孪生生产线仿真优化,发明,G06F30/20,G06F30/20,本发明涉及数字孪生生产线仿真优化，用于智能制造场景。
CN201700000158,2017,2017,2017,Huzhou智造科技有限公司,2,ZhejiangHuzhou高新区,CN,Zhejiang,Huzhou,,2017年智能质检良率分析系统,发明,G01N21/88,G01N21/88,本发明涉及智能质检良率分析系统，用于智能制造场景。
CN201700000159,2017,2017,2017,Jinhua智造科技有限公司,2,ZhejiangJinhua高新区,CN,Zhejiang,Jinhua,,2017年智能排产调度优化方法,发明,G06Q10/06,G06Q10/06,本发明涉及智能排产调度优化方法，用于智能制造场景。
CN201700000160,2017,2017,2017,Taizhou智造科技有限公司,2,ZhejiangTaizhou高新区,CN,Zhejiang,Taizhou,,2017年化工过程参数闭环控制,发明,G05D1/02,G05D1/02,本发明涉及化工过程参数闭环控制，用于智能制造场景。
CN201700000161,2017,2017,2017,Quanzhou智造科技有限公司,2,FujianQuanzhou高新区,CN,Fujian,Quanzhou,,2017年智能仓储路径优化系统,发明,G06Q10/08,G06Q10/08,本发明涉及智能仓储路径优化系统，用于智能制造场景。
CN201700000162,2017,2017,2017,Zhongshan智造科技有限公司,2,GuangdongZhongshan高新区,CN,Guangdong,Zhongshan,,2017年工业互联网MES平台,发明,G06F8/30,G06F8/30,本发明涉及工业互联网MES平台，用于智能制造场景。
CN201700000163,2017,2017,2017,Huizhou智造科技有限公司,2,GuangdongHuizhou高新区,CN,Guangdong,Huizhou,,2017年半导体晶圆量测方法,发明,H01L21/672,H01L21/672,本发明涉及半导体晶圆量测方法，用于智能制造场景。
CN201700000164,2017,2017,2017,Jiangmen智造科技有限公司,2,GuangdongJiangmen高新区,CN,Guangdong,Jiangmen,,2017年锂电池极片缺陷检测,发明,H01M10/058,H01M10/058,本发明涉及锂电池极片缺陷检测，用于智能制造场景。
CN201700000165,2017,2017,2017,Zhaoqing智造科技有限公司,2,GuangdongZhaoqing高新区,CN,Guangdong,Zhaoqing,,2017年反应釜工艺参数优化,发明,C07C1/00,C07C1/00,本发明涉及反应釜工艺参数优化，用于智能制造场景。
CN201700000166,2017,2017,2017,Maanshan智造科技有限公司,2,AnhuiMaanshan高新区,CN,Anhui,Maanshan,,2017年汽车整车机器视觉检测平台,发明,B60W30/00,B60W30/00,本发明涉及汽车整车机器视觉检测平台，用于智能制造场景。
CN201700000167,2017,2017,2017,Wuhu智造科技有限公司,2,AnhuiWuhu高新区,CN,Anhui,Wuhu,,2017年船舶数字孪生智能制造系统,发明,B63B65/00,B63B65/00,本发明涉及船舶数字孪生智能制造系统，用于智能制造场景。
CN201700000168,2017,2017,2017,Bengbu智造科技有限公司,2,AnhuiBengbu高新区,CN,Anhui,Bengbu,,2017年制药智能质检包装线,发明,A61J1/00,A61J1/00,本发明涉及制药智能质检包装线，用于智能制造场景。
CN201800000169,2018,2018,2018,Beijing智造科技有限公司,2,BeijingBeijing高新区,CN,Beijing,Beijing,,2018年钢铁冶炼过程控制优化,发明,C21B7/00,C21B7/00,本发明涉及钢铁冶炼过程控制优化，用于智能制造场景。
CN201800000170,2018,2018,2018,Shanghai智造科技有限公司,2,ShanghaiShanghai高新区,CN,Shanghai,Shanghai,,2018年纺织智能排产调度系统,发明,D03D47/00,D03D47/00,本发明涉及纺织智能排产调度系统，用于智能制造场景。
CN201800000171,2018,2018,2018,Shenzhen智造科技有限公司,2,GuangdongShenzhen高新区,CN,Guangdong,Shenzhen,,2018年食品灌装机器视觉检测,发明,A23L5/00,A23L5/00,本发明涉及食品灌装机器视觉检测，用于智能制造场景。
CN201800000172,2018,2018,2018,Hangzhou智造科技有限公司,2,ZhejiangHangzhou高新区,CN,Zhejiang,Hangzhou,,2018年光伏组件机器视觉检测,发明,H02S50/00,H02S50/00,本发明涉及光伏组件机器视觉检测，用于智能制造场景。
CN201800000173,2018,2018,2018,Suzhou智造科技有限公司,2,JiangsuSuzhou高新区,CN,Jiangsu,Suzhou,,2018年包装机械工业机器人控制,发明,B65B57/20,B65B57/20,本发明涉及包装机械工业机器人控制，用于智能制造场景。
CN201800000174,2018,2018,2018,Nanjing智造科技有限公司,2,JiangsuNanjing高新区,CN,Jiangsu,Nanjing,,2018年电机预测性维护平台,发明,H02K11/00,H02K11/00,本发明涉及电机预测性维护平台，用于智能制造场景。
CN201800000175,2018,2018,2018,Wuhan智造科技有限公司,2,HubeiWuhan高新区,CN,Hubei,Wuhan,,2018年工程机械智能排产系统,发明,F15B11/00,F15B11/00,本发明涉及工程机械智能排产系统，用于智能制造场景。
CN201800000176,2018,2018,2018,Chengdu智造科技有限公司,2,SichuanChengdu高新区,CN,Sichuan,Chengdu,,2018年机器视觉缺陷检测系统,发明,H01L21/66,H01L21/66,本发明涉及机器视觉缺陷检测系统，用于智能制造场景。
CN201800000177,2018,2018,2018,Chongqing智造科技有限公司,2,ChongqingChongqing高新区,CN,Chongqing,Chongqing,,2018年工业机器人焊接产线控制,发明,B25J9/16,B25J9/16,本发明涉及工业机器人焊接产线控制，用于智能制造场景。
CN201800000178,2018,2018,2018,Xi'an智造科技有限公司,2,ShaanxiXi'an高新区,CN,Shaanxi,Xi'an,,2018年预测性维护设备健康管理平台,发明,G05B19/418,G05B19/418,本发明涉及预测性维护设备健康管理平台，用于智能制造场景。
CN201800000179,2018,2018,2018,Hefei智造科技有限公司,2,AnhuiHefei高新区,CN,Anhui,Hefei,,2018年数字孪生生产线仿真优化,发明,G06F30/20,G06F30/20,本发明涉及数字孪生生产线仿真优化，用于智能制造场景。
CN201800000180,2018,2018,2018,Jinan智造科技有限公司,2,ShandongJinan高新区,CN,Shandong,Jinan,,2018年智能质检良率分析系统,发明,G01N21/88,G01N21/88,本发明涉及智能质检良率分析系统，用于智能制造场景。
CN201800000181,2018,2018,2018,Qingdao智造科技有限公司,2,ShandongQingdao高新区,CN,Shandong,Qingdao,,2018年智能排产调度优化方法,发明,G06Q10/06,G06Q10/06,本发明涉及智能排产调度优化方法，用于智能制造场景。
CN201800000182,2018,2018,2018,Ningbo智造科技有限公司,2,ZhejiangNingbo高新区,CN,Zhejiang,Ningbo,,2018年化工过程参数闭环控制,发明,G05D1/02,G05D1/02,本发明涉及化工过程参数闭环控制，用于智能制造场景。
CN201800000183,2018,2018,2018,Wuxi智造科技有限公司,2,JiangsuWuxi高新区,CN,Jiangsu,Wuxi,,2018年智能仓储路径优化系统,发明,G06Q10/08,G06Q10/08,本发明涉及智能仓储路径优化系统，用于智能制造场景。
CN201800000184,2018,2018,2018,Changsha智造科技有限公司,2,HunanChangsha高新区,CN,Hunan,Changsha,,2018年工业互联网MES平台,发明,G06F8/30,G06F8/30,本发明涉及工业互联网MES平台，用于智能制造场景。
CN201800000185,2018,2018,2018,Zhengzhou智造科技有限公司,2,HenanZhengzhou高新区,CN,Henan,Zhengzhou,,2018年半导体晶圆量测方法,发明,H01L21/672,H01L21/672,本发明涉及半导体晶圆量测方法，用于智能制造场景。
CN201800000186,2018,2018,2018,Fuzhou智造科技有限公司,2,FujianFuzhou高新区,CN,Fujian,Fuzhou,,2018年锂电池极片缺陷检测,发明,H01M10/058,H01M10/058,本发明涉及锂电池极片缺陷检测，用于智能制造场景。
CN201800000187,2018,2018,2018,Xiamen智造科技有限公司,2,FujianXiamen高新区,CN,Fujian,Xiamen,,2018年反应釜工艺参数优化,发明,C07C1/00,C07C1/00,本发明涉及反应釜工艺参数优化，用于智能制造场景。
CN201800000188,2018,2018,2018,Kunming智造科技有限公司,2,YunnanKunming高新区,CN,Yunnan,Kunming,,2018年汽车整车机器视觉检测平台,发明,B60W30/00,B60W30/00,本发明涉及汽车整车机器视觉检测平台，用于智能制造场景。
CN201800000189,2018,2018,2018,Guiyang智造科技有限公司,2,GuizhouGuiyang高新区,CN,Guizhou,Guiyang,,2018年船舶数字孪生智能制造系统,发明,B63B65/00,B63B65/00,本发明涉及船舶数字孪生智能制造系统，用于智能制造场景。
CN201800000190,2018,2018,2018,Nanchang智造科技有限公司,2,JiangxiNanchang高新区,CN,Jiangxi,Nanchang,,2018年制药智能质检包装线,发明,A61J1/00,A61J1/00,本发明涉及制药智能质检包装线，用于智能制造场景。
CN201800000191,2018,2018,2018,Shijiazhuang智造科技有限公司,2,HebeiShijiazhuang高新区,CN,Hebei,Shijiazhuang,,2018年钢铁冶炼过程控制优化,发明,C21B7/00,C21B7/00,本发明涉及钢铁冶炼过程控制优化，用于智能制造场景。
CN201800000192,2018,2018,2018,Taiyuan智造科技有限公司,2,ShanxiTaiyuan高新区,CN,Shanxi,Taiyuan,,2018年纺织智能排产调度系统,发明,D03D47/00,D03D47/00,本发明涉及纺织智能排产调度系统，用于智能制造场景。
CN201800000193,2018,2018,2018,Hohhot智造科技有限公司,2,Inner MongoliaHohhot高新区,CN,Inner Mongolia,Hohhot,,2018年食品灌装机器视觉检测,发明,A23L5/00,A23L5/00,本发明涉及食品灌装机器视觉检测，用于智能制造场景。
CN201800000194,2018,2018,2018,Harbin智造科技有限公司,2,HeilongjiangHarbin高新区,CN,Heilongjiang,Harbin,,2018年光伏组件机器视觉检测,发明,H02S50/00,H02S50/00,本发明涉及光伏组件机器视觉检测，用于智能制造场景。
CN201800000195,2018,2018,2018,Changchun智造科技有限公司,2,JilinChangchun高新区,CN,Jilin,Changchun,,2018年包装机械工业机器人控制,发明,B65B57/20,B65B57/20,本发明涉及包装机械工业机器人控制，用于智能制造场景。
CN201800000196,2018,2018,2018,Dalian智造科技有限公司,2,LiaoningDalian高新区,CN,Liaoning,Dalian,,2018年电机预测性维护平台,发明,H02K11/00,H02K11/00,本发明涉及电机预测性维护平台，用于智能制造场景。
CN201800000197,2018,2018,2018,Shenyang智造科技有限公司,2,LiaoningShenyang高新区,CN,Liaoning,Shenyang,,2018年工程机械智能排产系统,发明,F15B11/00,F15B11/00,本发明涉及工程机械智能排产系统，用于智能制造场景。
CN201800000198,2018,2018,2018,Tianjin智造科技有限公司,2,TianjinTianjin高新区,CN,Tianjin,Tianjin,,2018年机器视觉缺陷检测系统,发明,H01L21/66,H01L21/66,本发明涉及机器视觉缺陷检测系统，用于智能制造场景。
CN201800000199,2018,2018,2018,Guangzhou智造科技有限公司,2,GuangdongGuangzhou高新区,CN,Guangdong,Guangzhou,,2018年工业机器人焊接产线控制,发明,B25J9/16,B25J9/16,本发明涉及工业机器人焊接产线控制，用于智能制造场景。
CN201800000200,2018,2018,2018,Dongguan智造科技有限公司,2,GuangdongDongguan高新区,CN,Guangdong,Dongguan,,2018年预测性维护设备健康管理平台,发明,G05B19/418,G05B19/418,本发明涉及预测性维护设备健康管理平台，用于智能制造场景。
CN201800000201,2018,2018,2018,Foshan智造科技有限公司,2,GuangdongFoshan高新区,CN,Guangdong,Foshan,,2018年数字孪生生产线仿真优化,发明,G06F30/20,G06F30/20,本发明涉及数字孪生生产线仿真优化，用于智能制造场景。
CN201800000202,2018,2018,2018,Zhuhai智造科技有限公司,2,GuangdongZhuhai高新区,CN,Guangdong,Zhuhai,,2018年智能质检良率分析系统,发明,G01N21/88,G01N21/88,本发明涉及智能质检良率分析系统，用于智能制造场景。
CN201800000203,2018,2018,2018,Wenzhou智造科技有限公司,2,ZhejiangWenzhou高新区,CN,Zhejiang,Wenzhou,,2018年智能排产调度优化方法,发明,G06Q10/06,G06Q10/06,本发明涉及智能排产调度优化方法，用于智能制造场景。
CN201800000204,2018,2018,2018,Jiaxing智造科技有限公司,2,ZhejiangJiaxing高新区,CN,Zhejiang,Jiaxing,,2018年化工过程参数闭环控制,发明,G05D1/02,G05D1/02,本发明涉及化工过程参数闭环控制，用于智能制造场景。
CN201800000205,2018,2018,2018,Shaoxing智造科技有限公司,2,ZhejiangShaoxing高新区,CN,Zhejiang,Shaoxing,,2018年智能仓储路径优化系统,发明,G06Q10/08,G06Q10/08,本发明涉及智能仓储路径优化系统，用于智能制造场景。
CN201800000206,2018,2018,2018,Yantai智造科技有限公司,2,ShandongYantai高新区,CN,Shandong,Yantai,,2018年工业互联网MES平台,发明,G06F8/30,G06F8/30,本发明涉及工业互联网MES平台，用于智能制造场景。
CN201800000207,2018,2018,2018,Weifang智造科技有限公司,2,ShandongWeifang高新区,CN,Shandong,Weifang,,2018年半导体晶圆量测方法,发明,H01L21/672,H01L21/672,本发明涉及半导体晶圆量测方法，用于智能制造场景。
CN201800000208,2018,2018,2018,Zibo智造科技有限公司,2,ShandongZibo高新区,CN,Shandong,Zibo,,2018年锂电池极片缺陷检测,发明,H01M10/058,H01M10/058,本发明涉及锂电池极片缺陷检测，用于智能制造场景。
CN201800000209,2018,2018,2018,Luoyang智造科技有限公司,2,HenanLuoyang高新区,CN,Henan,Luoyang,,2018年反应釜工艺参数优化,发明,C07C1/00,C07C1/00,本发明涉及反应釜工艺参数优化，用于智能制造场景。
CN201800000210,2018,2018,2018,Xuzhou智造科技有限公司,2,JiangsuXuzhou高新区,CN,Jiangsu,Xuzhou,,2018年汽车整车机器视觉检测平台,发明,B60W30/00,B60W30/00,本发明涉及汽车整车机器视觉检测平台，用于智能制造场景。
CN201800000211,2018,2018,2018,Nantong智造科技有限公司,2,JiangsuNantong高新区,CN,Jiangsu,Nantong,,2018年船舶数字孪生智能制造系统,发明,B63B65/00,B63B65/00,本发明涉及船舶数字孪生智能制造系统，用于智能制造场景。
CN201800000212,2018,2018,2018,Yangzhou智造科技有限公司,2,JiangsuYangzhou高新区,CN,Jiangsu,Yangzhou,,2018年制药智能质检包装线,发明,A61J1/00,A61J1/00,本发明涉及制药智能质检包装线，用于智能制造场景。
CN201800000213,2018,2018,2018,Zhenjiang智造科技有限公司,2,JiangsuZhenjiang高新区,CN,Jiangsu,Zhenjiang,,2018年钢铁冶炼过程控制优化,发明,C21B7/00,C21B7/00,本发明涉及钢铁冶炼过程控制优化，用于智能制造场景。
CN201800000214,2018,2018,2018,Huzhou智造科技有限公司,2,ZhejiangHuzhou高新区,CN,Zhejiang,Huzhou,,2018年纺织智能排产调度系统,发明,D03D47/00,D03D47/00,本发明涉及纺织智能排产调度系统，用于智能制造场景。
CN201800000215,2018,2018,2018,Jinhua智造科技有限公司,2,ZhejiangJinhua高新区,CN,Zhejiang,Jinhua,,2018年食品灌装机器视觉检测,发明,A23L5/00,A23L5/00,本发明涉及食品灌装机器视觉检测，用于智能制造场景。
CN201800000216,2018,2018,2018,Taizhou智造科技有限公司,2,ZhejiangTaizhou高新区,CN,Zhejiang,Taizhou,,2018年光伏组件机器视觉检测,发明,H02S50/00,H02S50/00,本发明涉及光伏组件机器视觉检测，用于智能制造场景。
CN201800000217,2018,2018,2018,Quanzhou智造科技有限公司,2,FujianQuanzhou高新区,CN,Fujian,Quanzhou,,2018年包装机械工业机器人控制,发明,B65B57/20,B65B57/20,本发明涉及包装机械工业机器人控制，用于智能制造场景。
CN201800000218,2018,2018,2018,Zhongshan智造科技有限公司,2,GuangdongZhongshan高新区,CN,Guangdong,Zhongshan,,2018年电机预测性维护平台,发明,H02K11/00,H02K11/00,本发明涉及电机预测性维护平台，用于智能制造场景。
CN201800000219,2018,2018,2018,Huizhou智造科技有限公司,2,GuangdongHuizhou高新区,CN,Guangdong,Huizhou,,2018年工程机械智能排产系统,发明,F15B11/00,F15B11/00,本发明涉及工程机械智能排产系统，用于智能制造场景。
CN201800000220,2018,2018,2018,Jiangmen智造科技有限公司,2,GuangdongJiangmen高新区,CN,Guangdong,Jiangmen,,2018年机器视觉缺陷检测系统,发明,H01L21/66,H01L21/66,本发明涉及机器视觉缺陷检测系统，用于智能制造场景。
CN201800000221,2018,2018,2018,Zhaoqing智造科技有限公司,2,GuangdongZhaoqing高新区,CN,Guangdong,Zhaoqing,,2018年工业机器人焊接产线控制,发明,B25J9/16,B25J9/16,本发明涉及工业机器人焊接产线控制，用于智能制造场景。
CN201800000222,2018,2018,2018,Maanshan智造科技有限公司,2,AnhuiMaanshan高新区,CN,Anhui,Maanshan,,2018年预测性维护设备健康管理平台,发明,G05B19/418,G05B19/418,本发明涉及预测性维护设备健康管理平台，用于智能制造场景。
CN201800000223,2018,2018,2018,Wuhu智造科技有限公司,2,AnhuiWuhu高新区,CN,Anhui,Wuhu,,2018年数字孪生生产线仿真优化,发明,G06F30/20,G06F30/20,本发明涉及数字孪生生产线仿真优化，用于智能制造场景。
CN201800000224,2018,2018,2018,Bengbu智造科技有限公司,2,AnhuiBengbu高新区,CN,Anhui,Bengbu,,2018年智能质检良率分析系统,发明,G01N21/88,G01N21/88,本发明涉及智能质检良率分析系统，用于智能制造场景。
CN201900000225,2019,2019,2019,Beijing智造科技有限公司,2,BeijingBeijing高新区,CN,Beijing,Beijing,,2019年智能排产调度优化方法,发明,G06Q10/06,G06Q10/06,本发明涉及智能排产调度优化方法，用于智能制造场景。
CN201900000226,2019,2019,2019,Shanghai智造科技有限公司,2,ShanghaiShanghai高新区,CN,Shanghai,Shanghai,,2019年化工过程参数闭环控制,发明,G05D1/02,G05D1/02,本发明涉及化工过程参数闭环控制，用于智能制造场景。
CN201900000227,2019,2019,2019,Shenzhen智造科技有限公司,2,GuangdongShenzhen高新区,CN,Guangdong,Shenzhen,,2019年智能仓储路径优化系统,发明,G06Q10/08,G06Q10/08,本发明涉及智能仓储路径优化系统，用于智能制造场景。
CN201900000228,2019,2019,2019,Hangzhou智造科技有限公司,2,ZhejiangHangzhou高新区,CN,Zhejiang,Hangzhou,,2019年工业互联网MES平台,发明,G06F8/30,G06F8/30,本发明涉及工业互联网MES平台，用于智能制造场景。
CN201900000229,2019,2019,2019,Suzhou智造科技有限公司,2,JiangsuSuzhou高新区,CN,Jiangsu,Suzhou,,2019年半导体晶圆量测方法,发明,H01L21/672,H01L21/672,本发明涉及半导体晶圆量测方法，用于智能制造场景。
CN201900000230,2019,2019,2019,Nanjing智造科技有限公司,2,JiangsuNanjing高新区,CN,Jiangsu,Nanjing,,2019年锂电池极片缺陷检测,发明,H01M10/058,H01M10/058,本发明涉及锂电池极片缺陷检测，用于智能制造场景。
CN201900000231,2019,2019,2019,Wuhan智造科技有限公司,2,HubeiWuhan高新区,CN,Hubei,Wuhan,,2019年反应釜工艺参数优化,发明,C07C1/00,C07C1/00,本发明涉及反应釜工艺参数优化，用于智能制造场景。
CN201900000232,2019,2019,2019,Chengdu智造科技有限公司,2,SichuanChengdu高新区,CN,Sichuan,Chengdu,,2019年汽车整车机器视觉检测平台,发明,B60W30/00,B60W30/00,本发明涉及汽车整车机器视觉检测平台，用于智能制造场景。
CN201900000233,2019,2019,2019,Chongqing智造科技有限公司,2,ChongqingChongqing高新区,CN,Chongqing,Chongqing,,2019年船舶数字孪生智能制造系统,发明,B63B65/00,B63B65/00,本发明涉及船舶数字孪生智能制造系统，用于智能制造场景。
CN201900000234,2019,2019,2019,Xi'an智造科技有限公司,2,ShaanxiXi'an高新区,CN,Shaanxi,Xi'an,,2019年制药智能质检包装线,发明,A61J1/00,A61J1/00,本发明涉及制药智能质检包装线，用于智能制造场景。
CN201900000235,2019,2019,2019,Hefei智造科技有限公司,2,AnhuiHefei高新区,CN,Anhui,Hefei,,2019年钢铁冶炼过程控制优化,发明,C21B7/00,C21B7/00,本发明涉及钢铁冶炼过程控制优化，用于智能制造场景。
CN201900000236,2019,2019,2019,Jinan智造科技有限公司,2,ShandongJinan高新区,CN,Shandong,Jinan,,2019年纺织智能排产调度系统,发明,D03D47/00,D03D47/00,本发明涉及纺织智能排产调度系统，用于智能制造场景。
CN201900000237,2019,2019,2019,Qingdao智造科技有限公司,2,ShandongQingdao高新区,CN,Shandong,Qingdao,,2019年食品灌装机器视觉检测,发明,A23L5/00,A23L5/00,本发明涉及食品灌装机器视觉检测，用于智能制造场景。
CN201900000238,2019,2019,2019,Ningbo智造科技有限公司,2,ZhejiangNingbo高新区,CN,Zhejiang,Ningbo,,2019年光伏组件机器视觉检测,发明,H02S50/00,H02S50/00,本发明涉及光伏组件机器视觉检测，用于智能制造场景。
CN201900000239,2019,2019,2019,Wuxi智造科技有限公司,2,JiangsuWuxi高新区,CN,Jiangsu,Wuxi,,2019年包装机械工业机器人控制,发明,B65B57/20,B65B57/20,本发明涉及包装机械工业机器人控制，用于智能制造场景。
CN201900000240,2019,2019,2019,Changsha智造科技有限公司,2,HunanChangsha高新区,CN,Hunan,Changsha,,2019年电机预测性维护平台,发明,H02K11/00,H02K11/00,本发明涉及电机预测性维护平台，用于智能制造场景。
CN201900000241,2019,2019,2019,Zhengzhou智造科技有限公司,2,HenanZhengzhou高新区,CN,Henan,Zhengzhou,,2019年工程机械智能排产系统,发明,F15B11/00,F15B11/00,本发明涉及工程机械智能排产系统，用于智能制造场景。
CN201900000242,2019,2019,2019,Fuzhou智造科技有限公司,2,FujianFuzhou高新区,CN,Fujian,Fuzhou,,2019年机器视觉缺陷检测系统,发明,H01L21/66,H01L21/66,本发明涉及机器视觉缺陷检测系统，用于智能制造场景。
CN201900000243,2019,2019,2019,Xiamen智造科技有限公司,2,FujianXiamen高新区,CN,Fujian,Xiamen,,2019年工业机器人焊接产线控制,发明,B25J9/16,B25J9/16,本发明涉及工业机器人焊接产线控制，用于智能制造场景。
CN201900000244,2019,2019,2019,Kunming智造科技有限公司,2,YunnanKunming高新区,CN,Yunnan,Kunming,,2019年预测性维护设备健康管理平台,发明,G05B19/418,G05B19/418,本发明涉及预测性维护设备健康管理平台，用于智能制造场景。
CN201900000245,2019,2019,2019,Guiyang智造科技有限公司,2,GuizhouGuiyang高新区,CN,Guizhou,Guiyang,,2019年数字孪生生产线仿真优化,发明,G06F30/20,G06F30/20,本发明涉及数字孪生生产线仿真优化，用于智能制造场景。
CN201900000246,2019,2019,2019,Nanchang智造科技有限公司,2,JiangxiNanchang高新区,CN,Jiangxi,Nanchang,,2019年智能质检良率分析系统,发明,G01N21/88,G01N21/88,本发明涉及智能质检良率分析系统，用于智能制造场景。
CN201900000247,2019,2019,2019,Shijiazhuang智造科技有限公司,2,HebeiShijiazhuang高新区,CN,Hebei,Shijiazhuang,,2019年智能排产调度优化方法,发明,G06Q10/06,G06Q10/06,本发明涉及智能排产调度优化方法，用于智能制造场景。
CN201900000248,2019,2019,2019,Taiyuan智造科技有限公司,2,ShanxiTaiyuan高新区,CN,Shanxi,Taiyuan,,2019年化工过程参数闭环控制,发明,G05D1/02,G05D1/02,本发明涉及化工过程参数闭环控制，用于智能制造场景。
CN201900000249,2019,2019,2019,Hohhot智造科技有限公司,2,Inner MongoliaHohhot高新区,CN,Inner Mongolia,Hohhot,,2019年智能仓储路径优化系统,发明,G06Q10/08,G06Q10/08,本发明涉及智能仓储路径优化系统，用于智能制造场景。
CN201900000250,2019,2019,2019,Harbin智造科技有限公司,2,HeilongjiangHarbin高新区,CN,Heilongjiang,Harbin,,2019年工业互联网MES平台,发明,G06F8/30,G06F8/30,本发明涉及工业互联网MES平台，用于智能制造场景。
CN201900000251,2019,2019,2019,Changchun智造科技有限公司,2,JilinChangchun高新区,CN,Jilin,Changchun,,2019年半导体晶圆量测方法,发明,H01L21/672,H01L21/672,本发明涉及半导体晶圆量测方法，用于智能制造场景。
CN201900000252,2019,2019,2019,Dalian智造科技有限公司,2,LiaoningDalian高新区,CN,Liaoning,Dalian,,2019年锂电池极片缺陷检测,发明,H01M10/058,H01M10/058,本发明涉及锂电池极片缺陷检测，用于智能制造场景。
CN201900000253,2019,2019,2019,Shenyang智造科技有限公司,2,LiaoningShenyang高新区,CN,Liaoning,Shenyang,,2019年反应釜工艺参数优化,发明,C07C1/00,C07C1/00,本发明涉及反应釜工艺参数优化，用于智能制造场景。
CN201900000254,2019,2019,2019,Tianjin智造科技有限公司,2,TianjinTianjin高新区,CN,Tianjin,Tianjin,,2019年汽车整车机器视觉检测平台,发明,B60W30/00,B60W30/00,本发明涉及汽车整车机器视觉检测平台，用于智能制造场景。
CN201900000255,2019,2019,2019,Guangzhou智造科技有限公司,2,GuangdongGuangzhou高新区,CN,Guangdong,Guangzhou,,2019年船舶数字孪生智能制造系统,发明,B63B65/00,B63B65/00,本发明涉及船舶数字孪生智能制造系统，用于智能制造场景。
CN201900000256,2019,2019,2019,Dongguan智造科技有限公司,2,GuangdongDongguan高新区,CN,Guangdong,Dongguan,,2019年制药智能质检包装线,发明,A61J1/00,A61J1/00,本发明涉及制药智能质检包装线，用于智能制造场景。
CN201900000257,2019,2019,2019,Foshan智造科技有限公司,2,GuangdongFoshan高新区,CN,Guangdong,Foshan,,2019年钢铁冶炼过程控制优化,发明,C21B7/00,C21B7/00,本发明涉及钢铁冶炼过程控制优化，用于智能制造场景。
CN201900000258,2019,2019,2019,Zhuhai智造科技有限公司,2,GuangdongZhuhai高新区,CN,Guangdong,Zhuhai,,2019年纺织智能排产调度系统,发明,D03D47/00,D03D47/00,本发明涉及纺织智能排产调度系统，用于智能制造场景。
CN201900000259,2019,2019,2019,Wenzhou智造科技有限公司,2,ZhejiangWenzhou高新区,CN,Zhejiang,Wenzhou,,2019年食品灌装机器视觉检测,发明,A23L5/00,A23L5/00,本发明涉及食品灌装机器视觉检测，用于智能制造场景。
CN201900000260,2019,2019,2019,Jiaxing智造科技有限公司,2,ZhejiangJiaxing高新区,CN,Zhejiang,Jiaxing,,2019年光伏组件机器视觉检测,发明,H02S50/00,H02S50/00,本发明涉及光伏组件机器视觉检测，用于智能制造场景。
CN201900000261,2019,2019,2019,Shaoxing智造科技有限公司,2,ZhejiangShaoxing高新区,CN,Zhejiang,Shaoxing,,2019年包装机械工业机器人控制,发明,B65B57/20,B65B57/20,本发明涉及包装机械工业机器人控制，用于智能制造场景。
CN201900000262,2019,2019,2019,Yantai智造科技有限公司,2,ShandongYantai高新区,CN,Shandong,Yantai,,2019年电机预测性维护平台,发明,H02K11/00,H02K11/00,本发明涉及电机预测性维护平台，用于智能制造场景。
CN201900000263,2019,2019,2019,Weifang智造科技有限公司,2,ShandongWeifang高新区,CN,Shandong,Weifang,,2019年工程机械智能排产系统,发明,F15B11/00,F15B11/00,本发明涉及工程机械智能排产系统，用于智能制造场景。
CN201900000264,2019,2019,2019,Zibo智造科技有限公司,2,ShandongZibo高新区,CN,Shandong,Zibo,,2019年机器视觉缺陷检测系统,发明,H01L21/66,H01L21/66,本发明涉及机器视觉缺陷检测系统，用于智能制造场景。
CN201900000265,2019,2019,2019,Luoyang智造科技有限公司,2,HenanLuoyang高新区,CN,Henan,Luoyang,,2019年工业机器人焊接产线控制,发明,B25J9/16,B25J9/16,本发明涉及工业机器人焊接产线控制，用于智能制造场景。
CN201900000266,2019,2019,2019,Xuzhou智造科技有限公司,2,JiangsuXuzhou高新区,CN,Jiangsu,Xuzhou,,2019年预测性维护设备健康管理平台,发明,G05B19/418,G05B19/418,本发明涉及预测性维护设备健康管理平台，用于智能制造场景。
CN201900000267,2019,2019,2019,Nantong智造科技有限公司,2,JiangsuNantong高新区,CN,Jiangsu,Nantong,,2019年数字孪生生产线仿真优化,发明,G06F30/20,G06F30/20,本发明涉及数字孪生生产线仿真优化，用于智能制造场景。
CN201900000268,2019,2019,2019,Yangzhou智造科技有限公司,2,JiangsuYangzhou高新区,CN,Jiangsu,Yangzhou,,2019年智能质检良率分析系统,发明,G01N21/88,G01N21/88,本发明涉及智能质检良率分析系统，用于智能制造场景。
CN201900000269,2019,2019,2019,Zhenjiang智造科技有限公司,2,JiangsuZhenjiang高新区,CN,Jiangsu,Zhenjiang,,2019年智能排产调度优化方法,发明,G06Q10/06,G06Q10/06,本发明涉及智能排产调度优化方法，用于智能制造场景。
CN201900000270,2019,2019,2019,Huzhou智造科技有限公司,2,ZhejiangHuzhou高新区,CN,Zhejiang,Huzhou,,2019年化工过程参数闭环控制,发明,G05D1/02,G05D1/02,本发明涉及化工过程参数闭环控制，用于智能制造场景。
CN201900000271,2019,2019,2019,Jinhua智造科技有限公司,2,ZhejiangJinhua高新区,CN,Zhejiang,Jinhua,,2019年智能仓储路径优化系统,发明,G06Q10/08,G06Q10/08,本发明涉及智能仓储路径优化系统，用于智能制造场景。
CN201900000272,2019,2019,2019,Taizhou智造科技有限公司,2,ZhejiangTaizhou高新区,CN,Zhejiang,Taizhou,,2019年工业互联网MES平台,发明,G06F8/30,G06F8/30,本发明涉及工业互联网MES平台，用于智能制造场景。
CN201900000273,2019,2019,2019,Quanzhou智造科技有限公司,2,FujianQuanzhou高新区,CN,Fujian,Quanzhou,,2019年半导体晶圆量测方法,发明,H01L21/672,H01L21/672,本发明涉及半导体晶圆量测方法，用于智能制造场景。
CN201900000274,2019,2019,2019,Zhongshan智造科技有限公司,2,GuangdongZhongshan高新区,CN,Guangdong,Zhongshan,,2019年锂电池极片缺陷检测,发明,H01M10/058,H01M10/058,本发明涉及锂电池极片缺陷检测，用于智能制造场景。
CN201900000275,2019,2019,2019,Huizhou智造科技有限公司,2,GuangdongHuizhou高新区,CN,Guangdong,Huizhou,,2019年反应釜工艺参数优化,发明,C07C1/00,C07C1/00,本发明涉及反应釜工艺参数优化，用于智能制造场景。
CN201900000276,2019,2019,2019,Jiangmen智造科技有限公司,2,GuangdongJiangmen高新区,CN,Guangdong,Jiangmen,,2019年汽车整车机器视觉检测平台,发明,B60W30/00,B60W30/00,本发明涉及汽车整车机器视觉检测平台，用于智能制造场景。
CN201900000277,2019,2019,2019,Zhaoqing智造科技有限公司,2,GuangdongZhaoqing高新区,CN,Guangdong,Zhaoqing,,2019年船舶数字孪生智能制造系统,发明,B63B65/00,B63B65/00,本发明涉及船舶数字孪生智能制造系统，用于智能制造场景。
CN201900000278,2019,2019,2019,Maanshan智造科技有限公司,2,AnhuiMaanshan高新区,CN,Anhui,Maanshan,,2019年制药智能质检包装线,发明,A61J1/00,A61J1/00,本发明涉及制药智能质检包装线，用于智能制造场景。
CN201900000279,2019,2019,2019,Wuhu智造科技有限公司,2,AnhuiWuhu高新区,CN,Anhui,Wuhu,,2019年钢铁冶炼过程控制优化,发明,C21B7/00,C21B7/00,本发明涉及钢铁冶炼过程控制优化，用于智能制造场景。
CN201900000280,2019,2019,2019,Bengbu智造科技有限公司,2,AnhuiBengbu高新区,CN,Anhui,Bengbu,,2019年纺织智能排产调度系统,发明,D03D47/00,D03D47/00,本发明涉及纺织智能排产调度系统，用于智能制造场景。
CN202000000281,2020,2020,2020,Beijing智造科技有限公司,2,BeijingBeijing高新区,CN,Beijing,Beijing,,2020年食品灌装机器视觉检测,发明,A23L5/00,A23L5/00,本发明涉及食品灌装机器视觉检测，用于智能制造场景。
CN202000000282,2020,2020,2020,Shanghai智造科技有限公司,2,ShanghaiShanghai高新区,CN,Shanghai,Shanghai,,2020年光伏组件机器视觉检测,发明,H02S50/00,H02S50/00,本发明涉及光伏组件机器视觉检测，用于智能制造场景。
CN202000000283,2020,2020,2020,Shenzhen智造科技有限公司,2,GuangdongShenzhen高新区,CN,Guangdong,Shenzhen,,2020年包装机械工业机器人控制,发明,B65B57/20,B65B57/20,本发明涉及包装机械工业机器人控制，用于智能制造场景。
CN202000000284,2020,2020,2020,Hangzhou智造科技有限公司,2,ZhejiangHangzhou高新区,CN,Zhejiang,Hangzhou,,2020年电机预测性维护平台,发明,H02K11/00,H02K11/00,本发明涉及电机预测性维护平台，用于智能制造场景。
CN202000000285,2020,2020,2020,Suzhou智造科技有限公司,2,JiangsuSuzhou高新区,CN,Jiangsu,Suzhou,,2020年工程机械智能排产系统,发明,F15B11/00,F15B11/00,本发明涉及工程机械智能排产系统，用于智能制造场景。
CN202000000286,2020,2020,2020,Nanjing智造科技有限公司,2,JiangsuNanjing高新区,CN,Jiangsu,Nanjing,,2020年机器视觉缺陷检测系统,发明,H01L21/66,H01L21/66,本发明涉及机器视觉缺陷检测系统，用于智能制造场景。
CN202000000287,2020,2020,2020,Wuhan智造科技有限公司,2,HubeiWuhan高新区,CN,Hubei,Wuhan,,2020年工业机器人焊接产线控制,发明,B25J9/16,B25J9/16,本发明涉及工业机器人焊接产线控制，用于智能制造场景。
CN202000000288,2020,2020,2020,Chengdu智造科技有限公司,2,SichuanChengdu高新区,CN,Sichuan,Chengdu,,2020年预测性维护设备健康管理平台,发明,G05B19/418,G05B19/418,本发明涉及预测性维护设备健康管理平台，用于智能制造场景。
CN202000000289,2020,2020,2020,Chongqing智造科技有限公司,2,ChongqingChongqing高新区,CN,Chongqing,Chongqing,,2020年数字孪生生产线仿真优化,发明,G06F30/20,G06F30/20,本发明涉及数字孪生生产线仿真优化，用于智能制造场景。
CN202000000290,2020,2020,2020,Xi'an智造科技有限公司,2,ShaanxiXi'an高新区,CN,Shaanxi,Xi'an,,2020年智能质检良率分析系统,发明,G01N21/88,G01N21/88,本发明涉及智能质检良率分析系统，用于智能制造场景。
CN202000000291,2020,2020,2020,Hefei智造科技有限公司,2,AnhuiHefei高新区,CN,Anhui,Hefei,,2020年智能排产调度优化方法,发明,G06Q10/06,G06Q10/06,本发明涉及智能排产调度优化方法，用于智能制造场景。
CN202000000292,2020,2020,2020,Jinan智造科技有限公司,2,ShandongJinan高新区,CN,Shandong,Jinan,,2020年化工过程参数闭环控制,发明,G05D1/02,G05D1/02,本发明涉及化工过程参数闭环控制，用于智能制造场景。
CN202000000293,2020,2020,2020,Qingdao智造科技有限公司,2,ShandongQingdao高新区,CN,Shandong,Qingdao,,2020年智能仓储路径优化系统,发明,G06Q10/08,G06Q10/08,本发明涉及智能仓储路径优化系统，用于智能制造场景。
CN202000000294,2020,2020,2020,Ningbo智造科技有限公司,2,ZhejiangNingbo高新区,CN,Zhejiang,Ningbo,,2020年工业互联网MES平台,发明,G06F8/30,G06F8/30,本发明涉及工业互联网MES平台，用于智能制造场景。
CN202000000295,2020,2020,2020,Wuxi智造科技有限公司,2,JiangsuWuxi高新区,CN,Jiangsu,Wuxi,,2020年半导体晶圆量测方法,发明,H01L21/672,H01L21/672,本发明涉及半导体晶圆量测方法，用于智能制造场景。
CN202000000296,2020,2020,2020,Changsha智造科技有限公司,2,HunanChangsha高新区,CN,Hunan,Changsha,,2020年锂电池极片缺陷检测,发明,H01M10/058,H01M10/058,本发明涉及锂电池极片缺陷检测，用于智能制造场景。
CN202000000297,2020,2020,2020,Zhengzhou智造科技有限公司,2,HenanZhengzhou高新区,CN,Henan,Zhengzhou,,2020年反应釜工艺参数优化,发明,C07C1/00,C07C1/00,本发明涉及反应釜工艺参数优化，用于智能制造场景。
CN202000000298,2020,2020,2020,Fuzhou智造科技有限公司,2,FujianFuzhou高新区,CN,Fujian,Fuzhou,,2020年汽车整车机器视觉检测平台,发明,B60W30/00,B60W30/00,本发明涉及汽车整车机器视觉检测平台，用于智能制造场景。
CN202000000299,2020,2020,2020,Xiamen智造科技有限公司,2,FujianXiamen高新区,CN,Fujian,Xiamen,,2020年船舶数字孪生智能制造系统,发明,B63B65/00,B63B65/00,本发明涉及船舶数字孪生智能制造系统，用于智能制造场景。
CN202000000300,2020,2020,2020,Kunming智造科技有限公司,2,YunnanKunming高新区,CN,Yunnan,Kunming,,2020年制药智能质检包装线,发明,A61J1/00,A61J1/00,本发明涉及制药智能质检包装线，用于智能制造场景。
CN202000000301,2020,2020,2020,Guiyang智造科技有限公司,2,GuizhouGuiyang高新区,CN,Guizhou,Guiyang,,2020年钢铁冶炼过程控制优化,发明,C21B7/00,C21B7/00,本发明涉及钢铁冶炼过程控制优化，用于智能制造场景。
CN202000000302,2020,2020,2020,Nanchang智造科技有限公司,2,JiangxiNanchang高新区,CN,Jiangxi,Nanchang,,2020年纺织智能排产调度系统,发明,D03D47/00,D03D47/00,本发明涉及纺织智能排产调度系统，用于智能制造场景。
CN202000000303,2020,2020,2020,Shijiazhuang智造科技有限公司,2,HebeiShijiazhuang高新区,CN,Hebei,Shijiazhuang,,2020年食品灌装机器视觉检测,发明,A23L5/00,A23L5/00,本发明涉及食品灌装机器视觉检测，用于智能制造场景。
CN202000000304,2020,2020,2020,Taiyuan智造科技有限公司,2,ShanxiTaiyuan高新区,CN,Shanxi,Taiyuan,,2020年光伏组件机器视觉检测,发明,H02S50/00,H02S50/00,本发明涉及光伏组件机器视觉检测，用于智能制造场景。
CN202000000305,2020,2020,2020,Hohhot智造科技有限公司,2,Inner MongoliaHohhot高新区,CN,Inner Mongolia,Hohhot,,2020年包装机械工业机器人控制,发明,B65B57/20,B65B57/20,本发明涉及包装机械工业机器人控制，用于智能制造场景。
CN202000000306,2020,2020,2020,Harbin智造科技有限公司,2,HeilongjiangHarbin高新区,CN,Heilongjiang,Harbin,,2020年电机预测性维护平台,发明,H02K11/00,H02K11/00,本发明涉及电机预测性维护平台，用于智能制造场景。
CN202000000307,2020,2020,2020,Changchun智造科技有限公司,2,JilinChangchun高新区,CN,Jilin,Changchun,,2020年工程机械智能排产系统,发明,F15B11/00,F15B11/00,本发明涉及工程机械智能排产系统，用于智能制造场景。
CN202000000308,2020,2020,2020,Dalian智造科技有限公司,2,LiaoningDalian高新区,CN,Liaoning,Dalian,,2020年机器视觉缺陷检测系统,发明,H01L21/66,H01L21/66,本发明涉及机器视觉缺陷检测系统，用于智能制造场景。
CN202000000309,2020,2020,2020,Shenyang智造科技有限公司,2,LiaoningShenyang高新区,CN,Liaoning,Shenyang,,2020年工业机器人焊接产线控制,发明,B25J9/16,B25J9/16,本发明涉及工业机器人焊接产线控制，用于智能制造场景。
CN202000000310,2020,2020,2020,Tianjin智造科技有限公司,2,TianjinTianjin高新区,CN,Tianjin,Tianjin,,2020年预测性维护设备健康管理平台,发明,G05B19/418,G05B19/418,本发明涉及预测性维护设备健康管理平台，用于智能制造场景。
CN202000000311,2020,2020,2020,Guangzhou智造科技有限公司,2,GuangdongGuangzhou高新区,CN,Guangdong,Guangzhou,,2020年数字孪生生产线仿真优化,发明,G06F30/20,G06F30/20,本发明涉及数字孪生生产线仿真优化，用于智能制造场景。
CN202000000312,2020,2020,2020,Dongguan智造科技有限公司,2,GuangdongDongguan高新区,CN,Guangdong,Dongguan,,2020年智能质检良率分析系统,发明,G01N21/88,G01N21/88,本发明涉及智能质检良率分析系统，用于智能制造场景。
CN202000000313,2020,2020,2020,Foshan智造科技有限公司,2,GuangdongFoshan高新区,CN,Guangdong,Foshan,,2020年智能排产调度优化方法,发明,G06Q10/06,G06Q10/06,本发明涉及智能排产调度优化方法，用于智能制造场景。
CN202000000314,2020,2020,2020,Zhuhai智造科技有限公司,2,GuangdongZhuhai高新区,CN,Guangdong,Zhuhai,,2020年化工过程参数闭环控制,发明,G05D1/02,G05D1/02,本发明涉及化工过程参数闭环控制，用于智能制造场景。
CN202000000315,2020,2020,2020,Wenzhou智造科技有限公司,2,ZhejiangWenzhou高新区,CN,Zhejiang,Wenzhou,,2020年智能仓储路径优化系统,发明,G06Q10/08,G06Q10/08,本发明涉及智能仓储路径优化系统，用于智能制造场景。
CN202000000316,2020,2020,2020,Jiaxing智造科技有限公司,2,ZhejiangJiaxing高新区,CN,Zhejiang,Jiaxing,,2020年工业互联网MES平台,发明,G06F8/30,G06F8/30,本发明涉及工业互联网MES平台，用于智能制造场景。
CN202000000317,2020,2020,2020,Shaoxing智造科技有限公司,2,ZhejiangShaoxing高新区,CN,Zhejiang,Shaoxing,,2020年半导体晶圆量测方法,发明,H01L21/672,H01L21/672,本发明涉及半导体晶圆量测方法，用于智能制造场景。
CN202000000318,2020,2020,2020,Yantai智造科技有限公司,2,ShandongYantai高新区,CN,Shandong,Yantai,,2020年锂电池极片缺陷检测,发明,H01M10/058,H01M10/058,本发明涉及锂电池极片缺陷检测，用于智能制造场景。
CN202000000319,2020,2020,2020,Weifang智造科技有限公司,2,ShandongWeifang高新区,CN,Shandong,Weifang,,2020年反应釜工艺参数优化,发明,C07C1/00,C07C1/00,本发明涉及反应釜工艺参数优化，用于智能制造场景。
CN202000000320,2020,2020,2020,Zibo智造科技有限公司,2,ShandongZibo高新区,CN,Shandong,Zibo,,2020年汽车整车机器视觉检测平台,发明,B60W30/00,B60W30/00,本发明涉及汽车整车机器视觉检测平台，用于智能制造场景。
CN202000000321,2020,2020,2020,Luoyang智造科技有限公司,2,HenanLuoyang高新区,CN,Henan,Luoyang,,2020年船舶数字孪生智能制造系统,发明,B63B65/00,B63B65/00,本发明涉及船舶数字孪生智能制造系统，用于智能制造场景。
CN202000000322,2020,2020,2020,Xuzhou智造科技有限公司,2,JiangsuXuzhou高新区,CN,Jiangsu,Xuzhou,,2020年制药智能质检包装线,发明,A61J1/00,A61J1/00,本发明涉及制药智能质检包装线，用于智能制造场景。
CN202000000323,2020,2020,2020,Nantong智造科技有限公司,2,JiangsuNantong高新区,CN,Jiangsu,Nantong,,2020年钢铁冶炼过程控制优化,发明,C21B7/00,C21B7/00,本发明涉及钢铁冶炼过程控制优化，用于智能制造场景。
CN202000000324,2020,2020,2020,Yangzhou智造科技有限公司,2,JiangsuYangzhou高新区,CN,Jiangsu,Yangzhou,,2020年纺织智能排产调度系统,发明,D03D47/00,D03D47/00,本发明涉及纺织智能排产调度系统，用于智能制造场景。
CN202000000325,2020,2020,2020,Zhenjiang智造科技有限公司,2,JiangsuZhenjiang高新区,CN,Jiangsu,Zhenjiang,,2020年食品灌装机器视觉检测,发明,A23L5/00,A23L5/00,本发明涉及食品灌装机器视觉检测，用于智能制造场景。
CN202000000326,2020,2020,2020,Huzhou智造科技有限公司,2,ZhejiangHuzhou高新区,CN,Zhejiang,Huzhou,,2020年光伏组件机器视觉检测,发明,H02S50/00,H02S50/00,本发明涉及光伏组件机器视觉检测，用于智能制造场景。
CN202000000327,2020,2020,2020,Jinhua智造科技有限公司,2,ZhejiangJinhua高新区,CN,Zhejiang,Jinhua,,2020年包装机械工业机器人控制,发明,B65B57/20,B65B57/20,本发明涉及包装机械工业机器人控制，用于智能制造场景。
CN202000000328,2020,2020,2020,Taizhou智造科技有限公司,2,ZhejiangTaizhou高新区,CN,Zhejiang,Taizhou,,2020年电机预测性维护平台,发明,H02K11/00,H02K11/00,本发明涉及电机预测性维护平台，用于智能制造场景。
CN202000000329,2020,2020,2020,Quanzhou智造科技有限公司,2,FujianQuanzhou高新区,CN,Fujian,Quanzhou,,2020年工程机械智能排产系统,发明,F15B11/00,F15B11/00,本发明涉及工程机械智能排产系统，用于智能制造场景。
CN202000000330,2020,2020,2020,Zhongshan智造科技有限公司,2,GuangdongZhongshan高新区,CN,Guangdong,Zhongshan,,2020年机器视觉缺陷检测系统,发明,H01L21/66,H01L21/66,本发明涉及机器视觉缺陷检测系统，用于智能制造场景。
CN202000000331,2020,2020,2020,Huizhou智造科技有限公司,2,GuangdongHuizhou高新区,CN,Guangdong,Huizhou,,2020年工业机器人焊接产线控制,发明,B25J9/16,B25J9/16,本发明涉及工业机器人焊接产线控制，用于智能制造场景。
CN202000000332,2020,2020,2020,Jiangmen智造科技有限公司,2,GuangdongJiangmen高新区,CN,Guangdong,Jiangmen,,2020年预测性维护设备健康管理平台,发明,G05B19/418,G05B19/418,本发明涉及预测性维护设备健康管理平台，用于智能制造场景。
CN202000000333,2020,2020,2020,Zhaoqing智造科技有限公司,2,GuangdongZhaoqing高新区,CN,Guangdong,Zhaoqing,,2020年数字孪生生产线仿真优化,发明,G06F30/20,G06F30/20,本发明涉及数字孪生生产线仿真优化，用于智能制造场景。
CN202000000334,2020,2020,2020,Maanshan智造科技有限公司,2,AnhuiMaanshan高新区,CN,Anhui,Maanshan,,2020年智能质检良率分析系统,发明,G01N21/88,G01N21/88,本发明涉及智能质检良率分析系统，用于智能制造场景。
CN202000000335,2020,2020,2020,Wuhu智造科技有限公司,2,AnhuiWuhu高新区,CN,Anhui,Wuhu,,2020年智能排产调度优化方法,发明,G06Q10/06,G06Q10/06,本发明涉及智能排产调度优化方法，用于智能制造场景。
CN202000000336,2020,2020,2020,Bengbu智造科技有限公司,2,AnhuiBengbu高新区,CN,Anhui,Bengbu,,2020年化工过程参数闭环控制,发明,G05D1/02,G05D1/02,本发明涉及化工过程参数闭环控制，用于智能制造场景。
CN202100000337,2021,2021,2021,Beijing智造科技有限公司,2,BeijingBeijing高新区,CN,Beijing,Beijing,,2021年智能仓储路径优化系统,发明,G06Q10/08,G06Q10/08,本发明涉及智能仓储路径优化系统，用于智能制造场景。
CN202100000338,2021,2021,2021,Shanghai智造科技有限公司,2,ShanghaiShanghai高新区,CN,Shanghai,Shanghai,,2021年工业互联网MES平台,发明,G06F8/30,G06F8/30,本发明涉及工业互联网MES平台，用于智能制造场景。
CN202100000339,2021,2021,2021,Shenzhen智造科技有限公司,2,GuangdongShenzhen高新区,CN,Guangdong,Shenzhen,,2021年半导体晶圆量测方法,发明,H01L21/672,H01L21/672,本发明涉及半导体晶圆量测方法，用于智能制造场景。
CN202100000340,2021,2021,2021,Hangzhou智造科技有限公司,2,ZhejiangHangzhou高新区,CN,Zhejiang,Hangzhou,,2021年锂电池极片缺陷检测,发明,H01M10/058,H01M10/058,本发明涉及锂电池极片缺陷检测，用于智能制造场景。
CN202100000341,2021,2021,2021,Suzhou智造科技有限公司,2,JiangsuSuzhou高新区,CN,Jiangsu,Suzhou,,2021年反应釜工艺参数优化,发明,C07C1/00,C07C1/00,本发明涉及反应釜工艺参数优化，用于智能制造场景。
CN202100000342,2021,2021,2021,Nanjing智造科技有限公司,2,JiangsuNanjing高新区,CN,Jiangsu,Nanjing,,2021年汽车整车机器视觉检测平台,发明,B60W30/00,B60W30/00,本发明涉及汽车整车机器视觉检测平台，用于智能制造场景。
CN202100000343,2021,2021,2021,Wuhan智造科技有限公司,2,HubeiWuhan高新区,CN,Hubei,Wuhan,,2021年船舶数字孪生智能制造系统,发明,B63B65/00,B63B65/00,本发明涉及船舶数字孪生智能制造系统，用于智能制造场景。
CN202100000344,2021,2021,2021,Chengdu智造科技有限公司,2,SichuanChengdu高新区,CN,Sichuan,Chengdu,,2021年制药智能质检包装线,发明,A61J1/00,A61J1/00,本发明涉及制药智能质检包装线，用于智能制造场景。
CN202100000345,2021,2021,2021,Chongqing智造科技有限公司,2,ChongqingChongqing高新区,CN,Chongqing,Chongqing,,2021年钢铁冶炼过程控制优化,发明,C21B7/00,C21B7/00,本发明涉及钢铁冶炼过程控制优化，用于智能制造场景。
CN202100000346,2021,2021,2021,Xi'an智造科技有限公司,2,ShaanxiXi'an高新区,CN,Shaanxi,Xi'an,,2021年纺织智能排产调度系统,发明,D03D47/00,D03D47/00,本发明涉及纺织智能排产调度系统，用于智能制造场景。
CN202100000347,2021,2021,2021,Hefei智造科技有限公司,2,AnhuiHefei高新区,CN,Anhui,Hefei,,2021年食品灌装机器视觉检测,发明,A23L5/00,A23L5/00,本发明涉及食品灌装机器视觉检测，用于智能制造场景。
CN202100000348,2021,2021,2021,Jinan智造科技有限公司,2,ShandongJinan高新区,CN,Shandong,Jinan,,2021年光伏组件机器视觉检测,发明,H02S50/00,H02S50/00,本发明涉及光伏组件机器视觉检测，用于智能制造场景。
CN202100000349,2021,2021,2021,Qingdao智造科技有限公司,2,ShandongQingdao高新区,CN,Shandong,Qingdao,,2021年包装机械工业机器人控制,发明,B65B57/20,B65B57/20,本发明涉及包装机械工业机器人控制，用于智能制造场景。
CN202100000350,2021,2021,2021,Ningbo智造科技有限公司,2,ZhejiangNingbo高新区,CN,Zhejiang,Ningbo,,2021年电机预测性维护平台,发明,H02K11/00,H02K11/00,本发明涉及电机预测性维护平台，用于智能制造场景。
CN202100000351,2021,2021,2021,Wuxi智造科技有限公司,2,JiangsuWuxi高新区,CN,Jiangsu,Wuxi,,2021年工程机械智能排产系统,发明,F15B11/00,F15B11/00,本发明涉及工程机械智能排产系统，用于智能制造场景。
CN202100000352,2021,2021,2021,Changsha智造科技有限公司,2,HunanChangsha高新区,CN,Hunan,Changsha,,2021年机器视觉缺陷检测系统,发明,H01L21/66,H01L21/66,本发明涉及机器视觉缺陷检测系统，用于智能制造场景。
CN202100000353,2021,2021,2021,Zhengzhou智造科技有限公司,2,HenanZhengzhou高新区,CN,Henan,Zhengzhou,,2021年工业机器人焊接产线控制,发明,B25J9/16,B25J9/16,本发明涉及工业机器人焊接产线控制，用于智能制造场景。
CN202100000354,2021,2021,2021,Fuzhou智造科技有限公司,2,FujianFuzhou高新区,CN,Fujian,Fuzhou,,2021年预测性维护设备健康管理平台,发明,G05B19/418,G05B19/418,本发明涉及预测性维护设备健康管理平台，用于智能制造场景。
CN202100000355,2021,2021,2021,Xiamen智造科技有限公司,2,FujianXiamen高新区,CN,Fujian,Xiamen,,2021年数字孪生生产线仿真优化,发明,G06F30/20,G06F30/20,本发明涉及数字孪生生产线仿真优化，用于智能制造场景。
CN202100000356,2021,2021,2021,Kunming智造科技有限公司,2,YunnanKunming高新区,CN,Yunnan,Kunming,,2021年智能质检良率分析系统,发明,G01N21/88,G01N21/88,本发明涉及智能质检良率分析系统，用于智能制造场景。
CN202100000357,2021,2021,2021,Guiyang智造科技有限公司,2,GuizhouGuiyang高新区,CN,Guizhou,Guiyang,,2021年智能排产调度优化方法,发明,G06Q10/06,G06Q10/06,本发明涉及智能排产调度优化方法，用于智能制造场景。
CN202100000358,2021,2021,2021,Nanchang智造科技有限公司,2,JiangxiNanchang高新区,CN,Jiangxi,Nanchang,,2021年化工过程参数闭环控制,发明,G05D1/02,G05D1/02,本发明涉及化工过程参数闭环控制，用于智能制造场景。
CN202100000359,2021,2021,2021,Shijiazhuang智造科技有限公司,2,HebeiShijiazhuang高新区,CN,Hebei,Shijiazhuang,,2021年智能仓储路径优化系统,发明,G06Q10/08,G06Q10/08,本发明涉及智能仓储路径优化系统，用于智能制造场景。
CN202100000360,2021,2021,2021,Taiyuan智造科技有限公司,2,ShanxiTaiyuan高新区,CN,Shanxi,Taiyuan,,2021年工业互联网MES平台,发明,G06F8/30,G06F8/30,本发明涉及工业互联网MES平台，用于智能制造场景。
CN202100000361,2021,2021,2021,Hohhot智造科技有限公司,2,Inner MongoliaHohhot高新区,CN,Inner Mongolia,Hohhot,,2021年半导体晶圆量测方法,发明,H01L21/672,H01L21/672,本发明涉及半导体晶圆量测方法，用于智能制造场景。
CN202100000362,2021,2021,2021,Harbin智造科技有限公司,2,HeilongjiangHarbin高新区,CN,Heilongjiang,Harbin,,2021年锂电池极片缺陷检测,发明,H01M10/058,H01M10/058,本发明涉及锂电池极片缺陷检测，用于智能制造场景。
CN202100000363,2021,2021,2021,Changchun智造科技有限公司,2,JilinChangchun高新区,CN,Jilin,Changchun,,2021年反应釜工艺参数优化,发明,C07C1/00,C07C1/00,本发明涉及反应釜工艺参数优化，用于智能制造场景。
CN202100000364,2021,2021,2021,Dalian智造科技有限公司,2,LiaoningDalian高新区,CN,Liaoning,Dalian,,2021年汽车整车机器视觉检测平台,发明,B60W30/00,B60W30/00,本发明涉及汽车整车机器视觉检测平台，用于智能制造场景。
CN202100000365,2021,2021,2021,Shenyang智造科技有限公司,2,LiaoningShenyang高新区,CN,Liaoning,Shenyang,,2021年船舶数字孪生智能制造系统,发明,B63B65/00,B63B65/00,本发明涉及船舶数字孪生智能制造系统，用于智能制造场景。
CN202100000366,2021,2021,2021,Tianjin智造科技有限公司,2,TianjinTianjin高新区,CN,Tianjin,Tianjin,,2021年制药智能质检包装线,发明,A61J1/00,A61J1/00,本发明涉及制药智能质检包装线，用于智能制造场景。
CN202100000367,2021,2021,2021,Guangzhou智造科技有限公司,2,GuangdongGuangzhou高新区,CN,Guangdong,Guangzhou,,2021年钢铁冶炼过程控制优化,发明,C21B7/00,C21B7/00,本发明涉及钢铁冶炼过程控制优化，用于智能制造场景。
CN202100000368,2021,2021,2021,Dongguan智造科技有限公司,2,GuangdongDongguan高新区,CN,Guangdong,Dongguan,,2021年纺织智能排产调度系统,发明,D03D47/00,D03D47/00,本发明涉及纺织智能排产调度系统，用于智能制造场景。
CN202100000369,2021,2021,2021,Foshan智造科技有限公司,2,GuangdongFoshan高新区,CN,Guangdong,Foshan,,2021年食品灌装机器视觉检测,发明,A23L5/00,A23L5/00,本发明涉及食品灌装机器视觉检测，用于智能制造场景。
CN202100000370,2021,2021,2021,Zhuhai智造科技有限公司,2,GuangdongZhuhai高新区,CN,Guangdong,Zhuhai,,2021年光伏组件机器视觉检测,发明,H02S50/00,H02S50/00,本发明涉及光伏组件机器视觉检测，用于智能制造场景。
CN202100000371,2021,2021,2021,Wenzhou智造科技有限公司,2,ZhejiangWenzhou高新区,CN,Zhejiang,Wenzhou,,2021年包装机械工业机器人控制,发明,B65B57/20,B65B57/20,本发明涉及包装机械工业机器人控制，用于智能制造场景。
CN202100000372,2021,2021,2021,Jiaxing智造科技有限公司,2,ZhejiangJiaxing高新区,CN,Zhejiang,Jiaxing,,2021年电机预测性维护平台,发明,H02K11/00,H02K11/00,本发明涉及电机预测性维护平台，用于智能制造场景。
CN202100000373,2021,2021,2021,Shaoxing智造科技有限公司,2,ZhejiangShaoxing高新区,CN,Zhejiang,Shaoxing,,2021年工程机械智能排产系统,发明,F15B11/00,F15B11/00,本发明涉及工程机械智能排产系统，用于智能制造场景。
CN202100000374,2021,2021,2021,Yantai智造科技有限公司,2,ShandongYantai高新区,CN,Shandong,Yantai,,2021年机器视觉缺陷检测系统,发明,H01L21/66,H01L21/66,本发明涉及机器视觉缺陷检测系统，用于智能制造场景。
CN202100000375,2021,2021,2021,Weifang智造科技有限公司,2,ShandongWeifang高新区,CN,Shandong,Weifang,,2021年工业机器人焊接产线控制,发明,B25J9/16,B25J9/16,本发明涉及工业机器人焊接产线控制，用于智能制造场景。
CN202100000376,2021,2021,2021,Zibo智造科技有限公司,2,ShandongZibo高新区,CN,Shandong,Zibo,,2021年预测性维护设备健康管理平台,发明,G05B19/418,G05B19/418,本发明涉及预测性维护设备健康管理平台，用于智能制造场景。
CN202100000377,2021,2021,2021,Luoyang智造科技有限公司,2,HenanLuoyang高新区,CN,Henan,Luoyang,,2021年数字孪生生产线仿真优化,发明,G06F30/20,G06F30/20,本发明涉及数字孪生生产线仿真优化，用于智能制造场景。
CN202100000378,2021,2021,2021,Xuzhou智造科技有限公司,2,JiangsuXuzhou高新区,CN,Jiangsu,Xuzhou,,2021年智能质检良率分析系统,发明,G01N21/88,G01N21/88,本发明涉及智能质检良率分析系统，用于智能制造场景。
CN202100000379,2021,2021,2021,Nantong智造科技有限公司,2,JiangsuNantong高新区,CN,Jiangsu,Nantong,,2021年智能排产调度优化方法,发明,G06Q10/06,G06Q10/06,本发明涉及智能排产调度优化方法，用于智能制造场景。
CN202100000380,2021,2021,2021,Yangzhou智造科技有限公司,2,JiangsuYangzhou高新区,CN,Jiangsu,Yangzhou,,2021年化工过程参数闭环控制,发明,G05D1/02,G05D1/02,本发明涉及化工过程参数闭环控制，用于智能制造场景。
CN202100000381,2021,2021,2021,Zhenjiang智造科技有限公司,2,JiangsuZhenjiang高新区,CN,Jiangsu,Zhenjiang,,2021年智能仓储路径优化系统,发明,G06Q10/08,G06Q10/08,本发明涉及智能仓储路径优化系统，用于智能制造场景。
CN202100000382,2021,2021,2021,Huzhou智造科技有限公司,2,ZhejiangHuzhou高新区,CN,Zhejiang,Huzhou,,2021年工业互联网MES平台,发明,G06F8/30,G06F8/30,本发明涉及工业互联网MES平台，用于智能制造场景。
CN202100000383,2021,2021,2021,Jinhua智造科技有限公司,2,ZhejiangJinhua高新区,CN,Zhejiang,Jinhua,,2021年半导体晶圆量测方法,发明,H01L21/672,H01L21/672,本发明涉及半导体晶圆量测方法，用于智能制造场景。
CN202100000384,2021,2021,2021,Taizhou智造科技有限公司,2,ZhejiangTaizhou高新区,CN,Zhejiang,Taizhou,,2021年锂电池极片缺陷检测,发明,H01M10/058,H01M10/058,本发明涉及锂电池极片缺陷检测，用于智能制造场景。
CN202100000385,2021,2021,2021,Quanzhou智造科技有限公司,2,FujianQuanzhou高新区,CN,Fujian,Quanzhou,,2021年反应釜工艺参数优化,发明,C07C1/00,C07C1/00,本发明涉及反应釜工艺参数优化，用于智能制造场景。
CN202100000386,2021,2021,2021,Zhongshan智造科技有限公司,2,GuangdongZhongshan高新区,CN,Guangdong,Zhongshan,,2021年汽车整车机器视觉检测平台,发明,B60W30/00,B60W30/00,本发明涉及汽车整车机器视觉检测平台，用于智能制造场景。
CN202100000387,2021,2021,2021,Huizhou智造科技有限公司,2,GuangdongHuizhou高新区,CN,Guangdong,Huizhou,,2021年船舶数字孪生智能制造系统,发明,B63B65/00,B63B65/00,本发明涉及船舶数字孪生智能制造系统，用于智能制造场景。
CN202100000388,2021,2021,2021,Jiangmen智造科技有限公司,2,GuangdongJiangmen高新区,CN,Guangdong,Jiangmen,,2021年制药智能质检包装线,发明,A61J1/00,A61J1/00,本发明涉及制药智能质检包装线，用于智能制造场景。
CN202100000389,2021,2021,2021,Zhaoqing智造科技有限公司,2,GuangdongZhaoqing高新区,CN,Guangdong,Zhaoqing,,2021年钢铁冶炼过程控制优化,发明,C21B7/00,C21B7/00,本发明涉及钢铁冶炼过程控制优化，用于智能制造场景。
CN202100000390,2021,2021,2021,Maanshan智造科技有限公司,2,AnhuiMaanshan高新区,CN,Anhui,Maanshan,,2021年纺织智能排产调度系统,发明,D03D47/00,D03D47/00,本发明涉及纺织智能排产调度系统，用于智能制造场景。
CN202100000391,2021,2021,2021,Wuhu智造科技有限公司,2,AnhuiWuhu高新区,CN,Anhui,Wuhu,,2021年食品灌装机器视觉检测,发明,A23L5/00,A23L5/00,本发明涉及食品灌装机器视觉检测，用于智能制造场景。
CN202100000392,2021,2021,2021,Bengbu智造科技有限公司,2,AnhuiBengbu高新区,CN,Anhui,Bengbu,,2021年光伏组件机器视觉检测,发明,H02S50/00,H02S50/00,本发明涉及光伏组件机器视觉检测，用于智能制造场景。
CN202200000393,2022,2022,2022,Beijing智造科技有限公司,2,BeijingBeijing高新区,CN,Beijing,Beijing,,2022年包装机械工业机器人控制,发明,B65B57/20,B65B57/20,本发明涉及包装机械工业机器人控制，用于智能制造场景。
CN202200000394,2022,2022,2022,Shanghai智造科技有限公司,2,ShanghaiShanghai高新区,CN,Shanghai,Shanghai,,2022年电机预测性维护平台,发明,H02K11/00,H02K11/00,本发明涉及电机预测性维护平台，用于智能制造场景。
CN202200000395,2022,2022,2022,Shenzhen智造科技有限公司,2,GuangdongShenzhen高新区,CN,Guangdong,Shenzhen,,2022年工程机械智能排产系统,发明,F15B11/00,F15B11/00,本发明涉及工程机械智能排产系统，用于智能制造场景。
CN202200000396,2022,2022,2022,Hangzhou智造科技有限公司,2,ZhejiangHangzhou高新区,CN,Zhejiang,Hangzhou,,2022年机器视觉缺陷检测系统,发明,H01L21/66,H01L21/66,本发明涉及机器视觉缺陷检测系统，用于智能制造场景。
CN202200000397,2022,2022,2022,Suzhou智造科技有限公司,2,JiangsuSuzhou高新区,CN,Jiangsu,Suzhou,,2022年工业机器人焊接产线控制,发明,B25J9/16,B25J9/16,本发明涉及工业机器人焊接产线控制，用于智能制造场景。
CN202200000398,2022,2022,2022,Nanjing智造科技有限公司,2,JiangsuNanjing高新区,CN,Jiangsu,Nanjing,,2022年预测性维护设备健康管理平台,发明,G05B19/418,G05B19/418,本发明涉及预测性维护设备健康管理平台，用于智能制造场景。
CN202200000399,2022,2022,2022,Wuhan智造科技有限公司,2,HubeiWuhan高新区,CN,Hubei,Wuhan,,2022年数字孪生生产线仿真优化,发明,G06F30/20,G06F30/20,本发明涉及数字孪生生产线仿真优化，用于智能制造场景。
CN202200000400,2022,2022,2022,Chengdu智造科技有限公司,2,SichuanChengdu高新区,CN,Sichuan,Chengdu,,2022年智能质检良率分析系统,发明,G01N21/88,G01N21/88,本发明涉及智能质检良率分析系统，用于智能制造场景。
CN202200000401,2022,2022,2022,Chongqing智造科技有限公司,2,ChongqingChongqing高新区,CN,Chongqing,Chongqing,,2022年智能排产调度优化方法,发明,G06Q10/06,G06Q10/06,本发明涉及智能排产调度优化方法，用于智能制造场景。
CN202200000402,2022,2022,2022,Xi'an智造科技有限公司,2,ShaanxiXi'an高新区,CN,Shaanxi,Xi'an,,2022年化工过程参数闭环控制,发明,G05D1/02,G05D1/02,本发明涉及化工过程参数闭环控制，用于智能制造场景。
CN202200000403,2022,2022,2022,Hefei智造科技有限公司,2,AnhuiHefei高新区,CN,Anhui,Hefei,,2022年智能仓储路径优化系统,发明,G06Q10/08,G06Q10/08,本发明涉及智能仓储路径优化系统，用于智能制造场景。
CN202200000404,2022,2022,2022,Jinan智造科技有限公司,2,ShandongJinan高新区,CN,Shandong,Jinan,,2022年工业互联网MES平台,发明,G06F8/30,G06F8/30,本发明涉及工业互联网MES平台，用于智能制造场景。
CN202200000405,2022,2022,2022,Qingdao智造科技有限公司,2,ShandongQingdao高新区,CN,Shandong,Qingdao,,2022年半导体晶圆量测方法,发明,H01L21/672,H01L21/672,本发明涉及半导体晶圆量测方法，用于智能制造场景。
CN202200000406,2022,2022,2022,Ningbo智造科技有限公司,2,ZhejiangNingbo高新区,CN,Zhejiang,Ningbo,,2022年锂电池极片缺陷检测,发明,H01M10/058,H01M10/058,本发明涉及锂电池极片缺陷检测，用于智能制造场景。
CN202200000407,2022,2022,2022,Wuxi智造科技有限公司,2,JiangsuWuxi高新区,CN,Jiangsu,Wuxi,,2022年反应釜工艺参数优化,发明,C07C1/00,C07C1/00,本发明涉及反应釜工艺参数优化，用于智能制造场景。
CN202200000408,2022,2022,2022,Changsha智造科技有限公司,2,HunanChangsha高新区,CN,Hunan,Changsha,,2022年汽车整车机器视觉检测平台,发明,B60W30/00,B60W30/00,本发明涉及汽车整车机器视觉检测平台，用于智能制造场景。
CN202200000409,2022,2022,2022,Zhengzhou智造科技有限公司,2,HenanZhengzhou高新区,CN,Henan,Zhengzhou,,2022年船舶数字孪生智能制造系统,发明,B63B65/00,B63B65/00,本发明涉及船舶数字孪生智能制造系统，用于智能制造场景。
CN202200000410,2022,2022,2022,Fuzhou智造科技有限公司,2,FujianFuzhou高新区,CN,Fujian,Fuzhou,,2022年制药智能质检包装线,发明,A61J1/00,A61J1/00,本发明涉及制药智能质检包装线，用于智能制造场景。
CN202200000411,2022,2022,2022,Xiamen智造科技有限公司,2,FujianXiamen高新区,CN,Fujian,Xiamen,,2022年钢铁冶炼过程控制优化,发明,C21B7/00,C21B7/00,本发明涉及钢铁冶炼过程控制优化，用于智能制造场景。
CN202200000412,2022,2022,2022,Kunming智造科技有限公司,2,YunnanKunming高新区,CN,Yunnan,Kunming,,2022年纺织智能排产调度系统,发明,D03D47/00,D03D47/00,本发明涉及纺织智能排产调度系统，用于智能制造场景。
CN202200000413,2022,2022,2022,Guiyang智造科技有限公司,2,GuizhouGuiyang高新区,CN,Guizhou,Guiyang,,2022年食品灌装机器视觉检测,发明,A23L5/00,A23L5/00,本发明涉及食品灌装机器视觉检测，用于智能制造场景。
CN202200000414,2022,2022,2022,Nanchang智造科技有限公司,2,JiangxiNanchang高新区,CN,Jiangxi,Nanchang,,2022年光伏组件机器视觉检测,发明,H02S50/00,H02S50/00,本发明涉及光伏组件机器视觉检测，用于智能制造场景。
CN202200000415,2022,2022,2022,Shijiazhuang智造科技有限公司,2,HebeiShijiazhuang高新区,CN,Hebei,Shijiazhuang,,2022年包装机械工业机器人控制,发明,B65B57/20,B65B57/20,本发明涉及包装机械工业机器人控制，用于智能制造场景。
CN202200000416,2022,2022,2022,Taiyuan智造科技有限公司,2,ShanxiTaiyuan高新区,CN,Shanxi,Taiyuan,,2022年电机预测性维护平台,发明,H02K11/00,H02K11/00,本发明涉及电机预测性维护平台，用于智能制造场景。
CN202200000417,2022,2022,2022,Hohhot智造科技有限公司,2,Inner MongoliaHohhot高新区,CN,Inner Mongolia,Hohhot,,2022年工程机械智能排产系统,发明,F15B11/00,F15B11/00,本发明涉及工程机械智能排产系统，用于智能制造场景。
CN202200000418,2022,2022,2022,Harbin智造科技有限公司,2,HeilongjiangHarbin高新区,CN,Heilongjiang,Harbin,,2022年机器视觉缺陷检测系统,发明,H01L21/66,H01L21/66,本发明涉及机器视觉缺陷检测系统，用于智能制造场景。
CN202200000419,2022,2022,2022,Changchun智造科技有限公司,2,JilinChangchun高新区,CN,Jilin,Changchun,,2022年工业机器人焊接产线控制,发明,B25J9/16,B25J9/16,本发明涉及工业机器人焊接产线控制，用于智能制造场景。
CN202200000420,2022,2022,2022,Dalian智造科技有限公司,2,LiaoningDalian高新区,CN,Liaoning,Dalian,,2022年预测性维护设备健康管理平台,发明,G05B19/418,G05B19/418,本发明涉及预测性维护设备健康管理平台，用于智能制造场景。
CN202200000421,2022,2022,2022,Shenyang智造科技有限公司,2,LiaoningShenyang高新区,CN,Liaoning,Shenyang,,2022年数字孪生生产线仿真优化,发明,G06F30/20,G06F30/20,本发明涉及数字孪生生产线仿真优化，用于智能制造场景。
CN202200000422,2022,2022,2022,Tianjin智造科技有限公司,2,TianjinTianjin高新区,CN,Tianjin,Tianjin,,2022年智能质检良率分析系统,发明,G01N21/88,G01N21/88,本发明涉及智能质检良率分析系统，用于智能制造场景。
CN202200000423,2022,2022,2022,Guangzhou智造科技有限公司,2,GuangdongGuangzhou高新区,CN,Guangdong,Guangzhou,,2022年智能排产调度优化方法,发明,G06Q10/06,G06Q10/06,本发明涉及智能排产调度优化方法，用于智能制造场景。
CN202200000424,2022,2022,2022,Dongguan智造科技有限公司,2,GuangdongDongguan高新区,CN,Guangdong,Dongguan,,2022年化工过程参数闭环控制,发明,G05D1/02,G05D1/02,本发明涉及化工过程参数闭环控制，用于智能制造场景。
CN202200000425,2022,2022,2022,Foshan智造科技有限公司,2,GuangdongFoshan高新区,CN,Guangdong,Foshan,,2022年智能仓储路径优化系统,发明,G06Q10/08,G06Q10/08,本发明涉及智能仓储路径优化系统，用于智能制造场景。
CN202200000426,2022,2022,2022,Zhuhai智造科技有限公司,2,GuangdongZhuhai高新区,CN,Guangdong,Zhuhai,,2022年工业互联网MES平台,发明,G06F8/30,G06F8/30,本发明涉及工业互联网MES平台，用于智能制造场景。
CN202200000427,2022,2022,2022,Wenzhou智造科技有限公司,2,ZhejiangWenzhou高新区,CN,Zhejiang,Wenzhou,,2022年半导体晶圆量测方法,发明,H01L21/672,H01L21/672,本发明涉及半导体晶圆量测方法，用于智能制造场景。
CN202200000428,2022,2022,2022,Jiaxing智造科技有限公司,2,ZhejiangJiaxing高新区,CN,Zhejiang,Jiaxing,,2022年锂电池极片缺陷检测,发明,H01M10/058,H01M10/058,本发明涉及锂电池极片缺陷检测，用于智能制造场景。
CN202200000429,2022,2022,2022,Shaoxing智造科技有限公司,2,ZhejiangShaoxing高新区,CN,Zhejiang,Shaoxing,,2022年反应釜工艺参数优化,发明,C07C1/00,C07C1/00,本发明涉及反应釜工艺参数优化，用于智能制造场景。
CN202200000430,2022,2022,2022,Yantai智造科技有限公司,2,ShandongYantai高新区,CN,Shandong,Yantai,,2022年汽车整车机器视觉检测平台,发明,B60W30/00,B60W30/00,本发明涉及汽车整车机器视觉检测平台，用于智能制造场景。
CN202200000431,2022,2022,2022,Weifang智造科技有限公司,2,ShandongWeifang高新区,CN,Shandong,Weifang,,2022年船舶数字孪生智能制造系统,发明,B63B65/00,B63B65/00,本发明涉及船舶数字孪生智能制造系统，用于智能制造场景。
CN202200000432,2022,2022,2022,Zibo智造科技有限公司,2,ShandongZibo高新区,CN,Shandong,Zibo,,2022年制药智能质检包装线,发明,A61J1/00,A61J1/00,本发明涉及制药智能质检包装线，用于智能制造场景。
CN202200000433,2022,2022,2022,Luoyang智造科技有限公司,2,HenanLuoyang高新区,CN,Henan,Luoyang,,2022年钢铁冶炼过程控制优化,发明,C21B7/00,C21B7/00,本发明涉及钢铁冶炼过程控制优化，用于智能制造场景。
CN202200000434,2022,2022,2022,Xuzhou智造科技有限公司,2,JiangsuXuzhou高新区,CN,Jiangsu,Xuzhou,,2022年纺织智能排产调度系统,发明,D03D47/00,D03D47/00,本发明涉及纺织智能排产调度系统，用于智能制造场景。
CN202200000435,2022,2022,2022,Nantong智造科技有限公司,2,JiangsuNantong高新区,CN,Jiangsu,Nantong,,2022年食品灌装机器视觉检测,发明,A23L5/00,A23L5/00,本发明涉及食品灌装机器视觉检测，用于智能制造场景。
CN202200000436,2022,2022,2022,Yangzhou智造科技有限公司,2,JiangsuYangzhou高新区,CN,Jiangsu,Yangzhou,,2022年光伏组件机器视觉检测,发明,H02S50/00,H02S50/00,本发明涉及光伏组件机器视觉检测，用于智能制造场景。
CN202200000437,2022,2022,2022,Zhenjiang智造科技有限公司,2,JiangsuZhenjiang高新区,CN,Jiangsu,Zhenjiang,,2022年包装机械工业机器人控制,发明,B65B57/20,B65B57/20,本发明涉及包装机械工业机器人控制，用于智能制造场景。
CN202200000438,2022,2022,2022,Huzhou智造科技有限公司,2,ZhejiangHuzhou高新区,CN,Zhejiang,Huzhou,,2022年电机预测性维护平台,发明,H02K11/00,H02K11/00,本发明涉及电机预测性维护平台，用于智能制造场景。
CN202200000439,2022,2022,2022,Jinhua智造科技有限公司,2,ZhejiangJinhua高新区,CN,Zhejiang,Jinhua,,2022年工程机械智能排产系统,发明,F15B11/00,F15B11/00,本发明涉及工程机械智能排产系统，用于智能制造场景。
CN202200000440,2022,2022,2022,Taizhou智造科技有限公司,2,ZhejiangTaizhou高新区,CN,Zhejiang,Taizhou,,2022年机器视觉缺陷检测系统,发明,H01L21/66,H01L21/66,本发明涉及机器视觉缺陷检测系统，用于智能制造场景。
CN202200000441,2022,2022,2022,Quanzhou智造科技有限公司,2,FujianQuanzhou高新区,CN,Fujian,Quanzhou,,2022年工业机器人焊接产线控制,发明,B25J9/16,B25J9/16,本发明涉及工业机器人焊接产线控制，用于智能制造场景。
CN202200000442,2022,2022,2022,Zhongshan智造科技有限公司,2,GuangdongZhongshan高新区,CN,Guangdong,Zhongshan,,2022年预测性维护设备健康管理平台,发明,G05B19/418,G05B19/418,本发明涉及预测性维护设备健康管理平台，用于智能制造场景。
CN202200000443,2022,2022,2022,Huizhou智造科技有限公司,2,GuangdongHuizhou高新区,CN,Guangdong,Huizhou,,2022年数字孪生生产线仿真优化,发明,G06F30/20,G06F30/20,本发明涉及数字孪生生产线仿真优化，用于智能制造场景。
CN202200000444,2022,2022,2022,Jiangmen智造科技有限公司,2,GuangdongJiangmen高新区,CN,Guangdong,Jiangmen,,2022年智能质检良率分析系统,发明,G01N21/88,G01N21/88,本发明涉及智能质检良率分析系统，用于智能制造场景。
CN202200000445,2022,2022,2022,Zhaoqing智造科技有限公司,2,GuangdongZhaoqing高新区,CN,Guangdong,Zhaoqing,,2022年智能排产调度优化方法,发明,G06Q10/06,G06Q10/06,本发明涉及智能排产调度优化方法，用于智能制造场景。
CN202200000446,2022,2022,2022,Maanshan智造科技有限公司,2,AnhuiMaanshan高新区,CN,Anhui,Maanshan,,2022年化工过程参数闭环控制,发明,G05D1/02,G05D1/02,本发明涉及化工过程参数闭环控制，用于智能制造场景。
CN202200000447,2022,2022,2022,Wuhu智造科技有限公司,2,AnhuiWuhu高新区,CN,Anhui,Wuhu,,2022年智能仓储路径优化系统,发明,G06Q10/08,G06Q10/08,本发明涉及智能仓储路径优化系统，用于智能制造场景。
CN202200000448,2022,2022,2022,Bengbu智造科技有限公司,2,AnhuiBengbu高新区,CN,Anhui,Bengbu,,2022年工业互联网MES平台,发明,G06F8/30,G06F8/30,本发明涉及工业互联网MES平台，用于智能制造场景。
CN202300000449,2023,2023,2023,Beijing智造科技有限公司,2,BeijingBeijing高新区,CN,Beijing,Beijing,,2023年半导体晶圆量测方法,发明,H01L21/672,H01L21/672,本发明涉及半导体晶圆量测方法，用于智能制造场景。
CN202300000450,2023,2023,2023,Shanghai智造科技有限公司,2,ShanghaiShanghai高新区,CN,Shanghai,Shanghai,,2023年锂电池极片缺陷检测,发明,H01M10/058,H01M10/058,本发明涉及锂电池极片缺陷检测，用于智能制造场景。
CN202300000451,2023,2023,2023,Shenzhen智造科技有限公司,2,GuangdongShenzhen高新区,CN,Guangdong,Shenzhen,,2023年反应釜工艺参数优化,发明,C07C1/00,C07C1/00,本发明涉及反应釜工艺参数优化，用于智能制造场景。
CN202300000452,2023,2023,2023,Hangzhou智造科技有限公司,2,ZhejiangHangzhou高新区,CN,Zhejiang,Hangzhou,,2023年汽车整车机器视觉检测平台,发明,B60W30/00,B60W30/00,本发明涉及汽车整车机器视觉检测平台，用于智能制造场景。
CN202300000453,2023,2023,2023,Suzhou智造科技有限公司,2,JiangsuSuzhou高新区,CN,Jiangsu,Suzhou,,2023年船舶数字孪生智能制造系统,发明,B63B65/00,B63B65/00,本发明涉及船舶数字孪生智能制造系统，用于智能制造场景。
CN202300000454,2023,2023,2023,Nanjing智造科技有限公司,2,JiangsuNanjing高新区,CN,Jiangsu,Nanjing,,2023年制药智能质检包装线,发明,A61J1/00,A61J1/00,本发明涉及制药智能质检包装线，用于智能制造场景。
CN202300000455,2023,2023,2023,Wuhan智造科技有限公司,2,HubeiWuhan高新区,CN,Hubei,Wuhan,,2023年钢铁冶炼过程控制优化,发明,C21B7/00,C21B7/00,本发明涉及钢铁冶炼过程控制优化，用于智能制造场景。
CN202300000456,2023,2023,2023,Chengdu智造科技有限公司,2,SichuanChengdu高新区,CN,Sichuan,Chengdu,,2023年纺织智能排产调度系统,发明,D03D47/00,D03D47/00,本发明涉及纺织智能排产调度系统，用于智能制造场景。
CN202300000457,2023,2023,2023,Chongqing智造科技有限公司,2,ChongqingChongqing高新区,CN,Chongqing,Chongqing,,2023年食品灌装机器视觉检测,发明,A23L5/00,A23L5/00,本发明涉及食品灌装机器视觉检测，用于智能制造场景。
CN202300000458,2023,2023,2023,Xi'an智造科技有限公司,2,ShaanxiXi'an高新区,CN,Shaanxi,Xi'an,,2023年光伏组件机器视觉检测,发明,H02S50/00,H02S50/00,本发明涉及光伏组件机器视觉检测，用于智能制造场景。
CN202300000459,2023,2023,2023,Hefei智造科技有限公司,2,AnhuiHefei高新区,CN,Anhui,Hefei,,2023年包装机械工业机器人控制,发明,B65B57/20,B65B57/20,本发明涉及包装机械工业机器人控制，用于智能制造场景。
CN202300000460,2023,2023,2023,Jinan智造科技有限公司,2,ShandongJinan高新区,CN,Shandong,Jinan,,2023年电机预测性维护平台,发明,H02K11/00,H02K11/00,本发明涉及电机预测性维护平台，用于智能制造场景。
CN202300000461,2023,2023,2023,Qingdao智造科技有限公司,2,ShandongQingdao高新区,CN,Shandong,Qingdao,,2023年工程机械智能排产系统,发明,F15B11/00,F15B11/00,本发明涉及工程机械智能排产系统，用于智能制造场景。
CN202300000462,2023,2023,2023,Ningbo智造科技有限公司,2,ZhejiangNingbo高新区,CN,Zhejiang,Ningbo,,2023年机器视觉缺陷检测系统,发明,H01L21/66,H01L21/66,本发明涉及机器视觉缺陷检测系统，用于智能制造场景。
CN202300000463,2023,2023,2023,Wuxi智造科技有限公司,2,JiangsuWuxi高新区,CN,Jiangsu,Wuxi,,2023年工业机器人焊接产线控制,发明,B25J9/16,B25J9/16,本发明涉及工业机器人焊接产线控制，用于智能制造场景。
CN202300000464,2023,2023,2023,Changsha智造科技有限公司,2,HunanChangsha高新区,CN,Hunan,Changsha,,2023年预测性维护设备健康管理平台,发明,G05B19/418,G05B19/418,本发明涉及预测性维护设备健康管理平台，用于智能制造场景。
CN202300000465,2023,2023,2023,Zhengzhou智造科技有限公司,2,HenanZhengzhou高新区,CN,Henan,Zhengzhou,,2023年数字孪生生产线仿真优化,发明,G06F30/20,G06F30/20,本发明涉及数字孪生生产线仿真优化，用于智能制造场景。
CN202300000466,2023,2023,2023,Fuzhou智造科技有限公司,2,FujianFuzhou高新区,CN,Fujian,Fuzhou,,2023年智能质检良率分析系统,发明,G01N21/88,G01N21/88,本发明涉及智能质检良率分析系统，用于智能制造场景。
CN202300000467,2023,2023,2023,Xiamen智造科技有限公司,2,FujianXiamen高新区,CN,Fujian,Xiamen,,2023年智能排产调度优化方法,发明,G06Q10/06,G06Q10/06,本发明涉及智能排产调度优化方法，用于智能制造场景。
CN202300000468,2023,2023,2023,Kunming智造科技有限公司,2,YunnanKunming高新区,CN,Yunnan,Kunming,,2023年化工过程参数闭环控制,发明,G05D1/02,G05D1/02,本发明涉及化工过程参数闭环控制，用于智能制造场景。
CN202300000469,2023,2023,2023,Guiyang智造科技有限公司,2,GuizhouGuiyang高新区,CN,Guizhou,Guiyang,,2023年智能仓储路径优化系统,发明,G06Q10/08,G06Q10/08,本发明涉及智能仓储路径优化系统，用于智能制造场景。
CN202300000470,2023,2023,2023,Nanchang智造科技有限公司,2,JiangxiNanchang高新区,CN,Jiangxi,Nanchang,,2023年工业互联网MES平台,发明,G06F8/30,G06F8/30,本发明涉及工业互联网MES平台，用于智能制造场景。
CN202300000471,2023,2023,2023,Shijiazhuang智造科技有限公司,2,HebeiShijiazhuang高新区,CN,Hebei,Shijiazhuang,,2023年半导体晶圆量测方法,发明,H01L21/672,H01L21/672,本发明涉及半导体晶圆量测方法，用于智能制造场景。
CN202300000472,2023,2023,2023,Taiyuan智造科技有限公司,2,ShanxiTaiyuan高新区,CN,Shanxi,Taiyuan,,2023年锂电池极片缺陷检测,发明,H01M10/058,H01M10/058,本发明涉及锂电池极片缺陷检测，用于智能制造场景。
CN202300000473,2023,2023,2023,Hohhot智造科技有限公司,2,Inner MongoliaHohhot高新区,CN,Inner Mongolia,Hohhot,,2023年反应釜工艺参数优化,发明,C07C1/00,C07C1/00,本发明涉及反应釜工艺参数优化，用于智能制造场景。
CN202300000474,2023,2023,2023,Harbin智造科技有限公司,2,HeilongjiangHarbin高新区,CN,Heilongjiang,Harbin,,2023年汽车整车机器视觉检测平台,发明,B60W30/00,B60W30/00,本发明涉及汽车整车机器视觉检测平台，用于智能制造场景。
CN202300000475,2023,2023,2023,Changchun智造科技有限公司,2,JilinChangchun高新区,CN,Jilin,Changchun,,2023年船舶数字孪生智能制造系统,发明,B63B65/00,B63B65/00,本发明涉及船舶数字孪生智能制造系统，用于智能制造场景。
CN202300000476,2023,2023,2023,Dalian智造科技有限公司,2,LiaoningDalian高新区,CN,Liaoning,Dalian,,2023年制药智能质检包装线,发明,A61J1/00,A61J1/00,本发明涉及制药智能质检包装线，用于智能制造场景。
CN202300000477,2023,2023,2023,Shenyang智造科技有限公司,2,LiaoningShenyang高新区,CN,Liaoning,Shenyang,,2023年钢铁冶炼过程控制优化,发明,C21B7/00,C21B7/00,本发明涉及钢铁冶炼过程控制优化，用于智能制造场景。
CN202300000478,2023,2023,2023,Tianjin智造科技有限公司,2,TianjinTianjin高新区,CN,Tianjin,Tianjin,,2023年纺织智能排产调度系统,发明,D03D47/00,D03D47/00,本发明涉及纺织智能排产调度系统，用于智能制造场景。
CN202300000479,2023,2023,2023,Guangzhou智造科技有限公司,2,GuangdongGuangzhou高新区,CN,Guangdong,Guangzhou,,2023年食品灌装机器视觉检测,发明,A23L5/00,A23L5/00,本发明涉及食品灌装机器视觉检测，用于智能制造场景。
CN202300000480,2023,2023,2023,Dongguan智造科技有限公司,2,GuangdongDongguan高新区,CN,Guangdong,Dongguan,,2023年光伏组件机器视觉检测,发明,H02S50/00,H02S50/00,本发明涉及光伏组件机器视觉检测，用于智能制造场景。
CN202300000481,2023,2023,2023,Foshan智造科技有限公司,2,GuangdongFoshan高新区,CN,Guangdong,Foshan,,2023年包装机械工业机器人控制,发明,B65B57/20,B65B57/20,本发明涉及包装机械工业机器人控制，用于智能制造场景。
CN202300000482,2023,2023,2023,Zhuhai智造科技有限公司,2,GuangdongZhuhai高新区,CN,Guangdong,Zhuhai,,2023年电机预测性维护平台,发明,H02K11/00,H02K11/00,本发明涉及电机预测性维护平台，用于智能制造场景。
CN202300000483,2023,2023,2023,Wenzhou智造科技有限公司,2,ZhejiangWenzhou高新区,CN,Zhejiang,Wenzhou,,2023年工程机械智能排产系统,发明,F15B11/00,F15B11/00,本发明涉及工程机械智能排产系统，用于智能制造场景。
CN202300000484,2023,2023,2023,Jiaxing智造科技有限公司,2,ZhejiangJiaxing高新区,CN,Zhejiang,Jiaxing,,2023年机器视觉缺陷检测系统,发明,H01L21/66,H01L21/66,本发明涉及机器视觉缺陷检测系统，用于智能制造场景。
CN202300000485,2023,2023,2023,Shaoxing智造科技有限公司,2,ZhejiangShaoxing高新区,CN,Zhejiang,Shaoxing,,2023年工业机器人焊接产线控制,发明,B25J9/16,B25J9/16,本发明涉及工业机器人焊接产线控制，用于智能制造场景。
CN202300000486,2023,2023,2023,Yantai智造科技有限公司,2,ShandongYantai高新区,CN,Shandong,Yantai,,2023年预测性维护设备健康管理平台,发明,G05B19/418,G05B19/418,本发明涉及预测性维护设备健康管理平台，用于智能制造场景。
CN202300000487,2023,2023,2023,Weifang智造科技有限公司,2,ShandongWeifang高新区,CN,Shandong,Weifang,,2023年数字孪生生产线仿真优化,发明,G06F30/20,G06F30/20,本发明涉及数字孪生生产线仿真优化，用于智能制造场景。
CN202300000488,2023,2023,2023,Zibo智造科技有限公司,2,ShandongZibo高新区,CN,Shandong,Zibo,,2023年智能质检良率分析系统,发明,G01N21/88,G01N21/88,本发明涉及智能质检良率分析系统，用于智能制造场景。
CN202300000489,2023,2023,2023,Luoyang智造科技有限公司,2,HenanLuoyang高新区,CN,Henan,Luoyang,,2023年智能排产调度优化方法,发明,G06Q10/06,G06Q10/06,本发明涉及智能排产调度优化方法，用于智能制造场景。
CN202300000490,2023,2023,2023,Xuzhou智造科技有限公司,2,JiangsuXuzhou高新区,CN,Jiangsu,Xuzhou,,2023年化工过程参数闭环控制,发明,G05D1/02,G05D1/02,本发明涉及化工过程参数闭环控制，用于智能制造场景。
CN202300000491,2023,2023,2023,Nantong智造科技有限公司,2,JiangsuNantong高新区,CN,Jiangsu,Nantong,,2023年智能仓储路径优化系统,发明,G06Q10/08,G06Q10/08,本发明涉及智能仓储路径优化系统，用于智能制造场景。
CN202300000492,2023,2023,2023,Yangzhou智造科技有限公司,2,JiangsuYangzhou高新区,CN,Jiangsu,Yangzhou,,2023年工业互联网MES平台,发明,G06F8/30,G06F8/30,本发明涉及工业互联网MES平台，用于智能制造场景。
CN202300000493,2023,2023,2023,Zhenjiang智造科技有限公司,2,JiangsuZhenjiang高新区,CN,Jiangsu,Zhenjiang,,2023年半导体晶圆量测方法,发明,H01L21/672,H01L21/672,本发明涉及半导体晶圆量测方法，用于智能制造场景。
CN202300000494,2023,2023,2023,Huzhou智造科技有限公司,2,ZhejiangHuzhou高新区,CN,Zhejiang,Huzhou,,2023年锂电池极片缺陷检测,发明,H01M10/058,H01M10/058,本发明涉及锂电池极片缺陷检测，用于智能制造场景。
CN202300000495,2023,2023,2023,Jinhua智造科技有限公司,2,ZhejiangJinhua高新区,CN,Zhejiang,Jinhua,,2023年反应釜工艺参数优化,发明,C07C1/00,C07C1/00,本发明涉及反应釜工艺参数优化，用于智能制造场景。
CN202300000496,2023,2023,2023,Taizhou智造科技有限公司,2,ZhejiangTaizhou高新区,CN,Zhejiang,Taizhou,,2023年汽车整车机器视觉检测平台,发明,B60W30/00,B60W30/00,本发明涉及汽车整车机器视觉检测平台，用于智能制造场景。
CN202300000497,2023,2023,2023,Quanzhou智造科技有限公司,2,FujianQuanzhou高新区,CN,Fujian,Quanzhou,,2023年船舶数字孪生智能制造系统,发明,B63B65/00,B63B65/00,本发明涉及船舶数字孪生智能制造系统，用于智能制造场景。
CN202300000498,2023,2023,2023,Zhongshan智造科技有限公司,2,GuangdongZhongshan高新区,CN,Guangdong,Zhongshan,,2023年制药智能质检包装线,发明,A61J1/00,A61J1/00,本发明涉及制药智能质检包装线，用于智能制造场景。
CN202300000499,2023,2023,2023,Huizhou智造科技有限公司,2,GuangdongHuizhou高新区,CN,Guangdong,Huizhou,,2023年钢铁冶炼过程控制优化,发明,C21B7/00,C21B7/00,本发明涉及钢铁冶炼过程控制优化，用于智能制造场景。
CN202300000500,2023,2023,2023,Jiangmen智造科技有限公司,2,GuangdongJiangmen高新区,CN,Guangdong,Jiangmen,,2023年纺织智能排产调度系统,发明,D03D47/00,D03D47/00,本发明涉及纺织智能排产调度系统，用于智能制造场景。
CN202300000501,2023,2023,2023,Zhaoqing智造科技有限公司,2,GuangdongZhaoqing高新区,CN,Guangdong,Zhaoqing,,2023年食品灌装机器视觉检测,发明,A23L5/00,A23L5/00,本发明涉及食品灌装机器视觉检测，用于智能制造场景。
CN202300000502,2023,2023,2023,Maanshan智造科技有限公司,2,AnhuiMaanshan高新区,CN,Anhui,Maanshan,,2023年光伏组件机器视觉检测,发明,H02S50/00,H02S50/00,本发明涉及光伏组件机器视觉检测，用于智能制造场景。
CN202300000503,2023,2023,2023,Wuhu智造科技有限公司,2,AnhuiWuhu高新区,CN,Anhui,Wuhu,,2023年包装机械工业机器人控制,发明,B65B57/20,B65B57/20,本发明涉及包装机械工业机器人控制，用于智能制造场景。
CN202300000504,2023,2023,2023,Bengbu智造科技有限公司,2,AnhuiBengbu高新区,CN,Anhui,Bengbu,,2023年电机预测性维护平台,发明,H02K11/00,H02K11/00,本发明涉及电机预测性维护平台，用于智能制造场景。
CN202400000505,2024,2024,,Beijing智造科技有限公司,2,BeijingBeijing高新区,CN,Beijing,Beijing,,2024年工程机械智能排产系统,发明,F15B11/00,F15B11/00,本发明涉及工程机械智能排产系统，用于智能制造场景。
CN202400000506,2024,2024,,Shanghai智造科技有限公司,2,ShanghaiShanghai高新区,CN,Shanghai,Shanghai,,2024年机器视觉缺陷检测系统,发明,H01L21/66,H01L21/66,本发明涉及机器视觉缺陷检测系统，用于智能制造场景。
CN202400000507,2024,2024,,Shenzhen智造科技有限公司,2,GuangdongShenzhen高新区,CN,Guangdong,Shenzhen,,2024年工业机器人焊接产线控制,发明,B25J9/16,B25J9/16,本发明涉及工业机器人焊接产线控制，用于智能制造场景。
CN202400000508,2024,2024,,Hangzhou智造科技有限公司,2,ZhejiangHangzhou高新区,CN,Zhejiang,Hangzhou,,2024年预测性维护设备健康管理平台,发明,G05B19/418,G05B19/418,本发明涉及预测性维护设备健康管理平台，用于智能制造场景。
CN202400000509,2024,2024,,Suzhou智造科技有限公司,2,JiangsuSuzhou高新区,CN,Jiangsu,Suzhou,,2024年数字孪生生产线仿真优化,发明,G06F30/20,G06F30/20,本发明涉及数字孪生生产线仿真优化，用于智能制造场景。
CN202400000510,2024,2024,,Nanjing智造科技有限公司,2,JiangsuNanjing高新区,CN,Jiangsu,Nanjing,,2024年智能质检良率分析系统,发明,G01N21/88,G01N21/88,本发明涉及智能质检良率分析系统，用于智能制造场景。
CN202400000511,2024,2024,,Wuhan智造科技有限公司,2,HubeiWuhan高新区,CN,Hubei,Wuhan,,2024年智能排产调度优化方法,发明,G06Q10/06,G06Q10/06,本发明涉及智能排产调度优化方法，用于智能制造场景。
CN202400000512,2024,2024,,Chengdu智造科技有限公司,2,SichuanChengdu高新区,CN,Sichuan,Chengdu,,2024年化工过程参数闭环控制,发明,G05D1/02,G05D1/02,本发明涉及化工过程参数闭环控制，用于智能制造场景。
CN202400000513,2024,2024,,Chongqing智造科技有限公司,2,ChongqingChongqing高新区,CN,Chongqing,Chongqing,,2024年智能仓储路径优化系统,发明,G06Q10/08,G06Q10/08,本发明涉及智能仓储路径优化系统，用于智能制造场景。
CN202400000514,2024,2024,,Xi'an智造科技有限公司,2,ShaanxiXi'an高新区,CN,Shaanxi,Xi'an,,2024年工业互联网MES平台,发明,G06F8/30,G06F8/30,本发明涉及工业互联网MES平台，用于智能制造场景。
CN202400000515,2024,2024,,Hefei智造科技有限公司,2,AnhuiHefei高新区,CN,Anhui,Hefei,,2024年半导体晶圆量测方法,发明,H01L21/672,H01L21/672,本发明涉及半导体晶圆量测方法，用于智能制造场景。
CN202400000516,2024,2024,,Jinan智造科技有限公司,2,ShandongJinan高新区,CN,Shandong,Jinan,,2024年锂电池极片缺陷检测,发明,H01M10/058,H01M10/058,本发明涉及锂电池极片缺陷检测，用于智能制造场景。
CN202400000517,2024,2024,,Qingdao智造科技有限公司,2,ShandongQingdao高新区,CN,Shandong,Qingdao,,2024年反应釜工艺参数优化,发明,C07C1/00,C07C1/00,本发明涉及反应釜工艺参数优化，用于智能制造场景。
CN202400000518,2024,2024,,Ningbo智造科技有限公司,2,ZhejiangNingbo高新区,CN,Zhejiang,Ningbo,,2024年汽车整车机器视觉检测平台,发明,B60W30/00,B60W30/00,本发明涉及汽车整车机器视觉检测平台，用于智能制造场景。
CN202400000519,2024,2024,,Wuxi智造科技有限公司,2,JiangsuWuxi高新区,CN,Jiangsu,Wuxi,,2024年船舶数字孪生智能制造系统,发明,B63B65/00,B63B65/00,本发明涉及船舶数字孪生智能制造系统，用于智能制造场景。
CN202400000520,2024,2024,,Changsha智造科技有限公司,2,HunanChangsha高新区,CN,Hunan,Changsha,,2024年制药智能质检包装线,发明,A61J1/00,A61J1/00,本发明涉及制药智能质检包装线，用于智能制造场景。
CN202400000521,2024,2024,,Zhengzhou智造科技有限公司,2,HenanZhengzhou高新区,CN,Henan,Zhengzhou,,2024年钢铁冶炼过程控制优化,发明,C21B7/00,C21B7/00,本发明涉及钢铁冶炼过程控制优化，用于智能制造场景。
CN202400000522,2024,2024,,Fuzhou智造科技有限公司,2,FujianFuzhou高新区,CN,Fujian,Fuzhou,,2024年纺织智能排产调度系统,发明,D03D47/00,D03D47/00,本发明涉及纺织智能排产调度系统，用于智能制造场景。
CN202400000523,2024,2024,,Xiamen智造科技有限公司,2,FujianXiamen高新区,CN,Fujian,Xiamen,,2024年食品灌装机器视觉检测,发明,A23L5/00,A23L5/00,本发明涉及食品灌装机器视觉检测，用于智能制造场景。
CN202400000524,2024,2024,,Kunming智造科技有限公司,2,YunnanKunming高新区,CN,Yunnan,Kunming,,2024年光伏组件机器视觉检测,发明,H02S50/00,H02S50/00,本发明涉及光伏组件机器视觉检测，用于智能制造场景。
CN202400000525,2024,2024,,Guiyang智造科技有限公司,2,GuizhouGuiyang高新区,CN,Guizhou,Guiyang,,2024年包装机械工业机器人控制,发明,B65B57/20,B65B57/20,本发明涉及包装机械工业机器人控制，用于智能制造场景。
CN202400000526,2024,2024,,Nanchang智造科技有限公司,2,JiangxiNanchang高新区,CN,Jiangxi,Nanchang,,2024年电机预测性维护平台,发明,H02K11/00,H02K11/00,本发明涉及电机预测性维护平台，用于智能制造场景。
CN202400000527,2024,2024,,Shijiazhuang智造科技有限公司,2,HebeiShijiazhuang高新区,CN,Hebei,Shijiazhuang,,2024年工程机械智能排产系统,发明,F15B11/00,F15B11/00,本发明涉及工程机械智能排产系统，用于智能制造场景。
CN202400000528,2024,2024,,Taiyuan智造科技有限公司,2,ShanxiTaiyuan高新区,CN,Shanxi,Taiyuan,,2024年机器视觉缺陷检测系统,发明,H01L21/66,H01L21/66,本发明涉及机器视觉缺陷检测系统，用于智能制造场景。
CN202400000529,2024,2024,,Hohhot智造科技有限公司,2,Inner MongoliaHohhot高新区,CN,Inner Mongolia,Hohhot,,2024年工业机器人焊接产线控制,发明,B25J9/16,B25J9/16,本发明涉及工业机器人焊接产线控制，用于智能制造场景。
CN202400000530,2024,2024,,Harbin智造科技有限公司,2,HeilongjiangHarbin高新区,CN,Heilongjiang,Harbin,,2024年预测性维护设备健康管理平台,发明,G05B19/418,G05B19/418,本发明涉及预测性维护设备健康管理平台，用于智能制造场景。
CN202400000531,2024,2024,,Changchun智造科技有限公司,2,JilinChangchun高新区,CN,Jilin,Changchun,,2024年数字孪生生产线仿真优化,发明,G06F30/20,G06F30/20,本发明涉及数字孪生生产线仿真优化，用于智能制造场景。
CN202400000532,2024,2024,,Dalian智造科技有限公司,2,LiaoningDalian高新区,CN,Liaoning,Dalian,,2024年智能质检良率分析系统,发明,G01N21/88,G01N21/88,本发明涉及智能质检良率分析系统，用于智能制造场景。
CN202400000533,2024,2024,,Shenyang智造科技有限公司,2,LiaoningShenyang高新区,CN,Liaoning,Shenyang,,2024年智能排产调度优化方法,发明,G06Q10/06,G06Q10/06,本发明涉及智能排产调度优化方法，用于智能制造场景。
CN202400000534,2024,2024,,Tianjin智造科技有限公司,2,TianjinTianjin高新区,CN,Tianjin,Tianjin,,2024年化工过程参数闭环控制,发明,G05D1/02,G05D1/02,本发明涉及化工过程参数闭环控制，用于智能制造场景。
CN202400000535,2024,2024,,Guangzhou智造科技有限公司,2,GuangdongGuangzhou高新区,CN,Guangdong,Guangzhou,,2024年智能仓储路径优化系统,发明,G06Q10/08,G06Q10/08,本发明涉及智能仓储路径优化系统，用于智能制造场景。
CN202400000536,2024,2024,,Dongguan智造科技有限公司,2,GuangdongDongguan高新区,CN,Guangdong,Dongguan,,2024年工业互联网MES平台,发明,G06F8/30,G06F8/30,本发明涉及工业互联网MES平台，用于智能制造场景。
CN202400000537,2024,2024,,Foshan智造科技有限公司,2,GuangdongFoshan高新区,CN,Guangdong,Foshan,,2024年半导体晶圆量测方法,发明,H01L21/672,H01L21/672,本发明涉及半导体晶圆量测方法，用于智能制造场景。
CN202400000538,2024,2024,,Zhuhai智造科技有限公司,2,GuangdongZhuhai高新区,CN,Guangdong,Zhuhai,,2024年锂电池极片缺陷检测,发明,H01M10/058,H01M10/058,本发明涉及锂电池极片缺陷检测，用于智能制造场景。
CN202400000539,2024,2024,,Wenzhou智造科技有限公司,2,ZhejiangWenzhou高新区,CN,Zhejiang,Wenzhou,,2024年反应釜工艺参数优化,发明,C07C1/00,C07C1/00,本发明涉及反应釜工艺参数优化，用于智能制造场景。
CN202400000540,2024,2024,,Jiaxing智造科技有限公司,2,ZhejiangJiaxing高新区,CN,Zhejiang,Jiaxing,,2024年汽车整车机器视觉检测平台,发明,B60W30/00,B60W30/00,本发明涉及汽车整车机器视觉检测平台，用于智能制造场景。
CN202400000541,2024,2024,,Shaoxing智造科技有限公司,2,ZhejiangShaoxing高新区,CN,Zhejiang,Shaoxing,,2024年船舶数字孪生智能制造系统,发明,B63B65/00,B63B65/00,本发明涉及船舶数字孪生智能制造系统，用于智能制造场景。
CN202400000542,2024,2024,,Yantai智造科技有限公司,2,ShandongYantai高新区,CN,Shandong,Yantai,,2024年制药智能质检包装线,发明,A61J1/00,A61J1/00,本发明涉及制药智能质检包装线，用于智能制造场景。
CN202400000543,2024,2024,,Weifang智造科技有限公司,2,ShandongWeifang高新区,CN,Shandong,Weifang,,2024年钢铁冶炼过程控制优化,发明,C21B7/00,C21B7/00,本发明涉及钢铁冶炼过程控制优化，用于智能制造场景。
CN202400000544,2024,2024,,Zibo智造科技有限公司,2,ShandongZibo高新区,CN,Shandong,Zibo,,2024年纺织智能排产调度系统,发明,D03D47/00,D03D47/00,本发明涉及纺织智能排产调度系统，用于智能制造场景。
CN202400000545,2024,2024,,Luoyang智造科技有限公司,2,HenanLuoyang高新区,CN,Henan,Luoyang,,2024年食品灌装机器视觉检测,发明,A23L5/00,A23L5/00,本发明涉及食品灌装机器视觉检测，用于智能制造场景。
CN202400000546,2024,2024,,Xuzhou智造科技有限公司,2,JiangsuXuzhou高新区,CN,Jiangsu,Xuzhou,,2024年光伏组件机器视觉检测,发明,H02S50/00,H02S50/00,本发明涉及光伏组件机器视觉检测，用于智能制造场景。
CN202400000547,2024,2024,,Nantong智造科技有限公司,2,JiangsuNantong高新区,CN,Jiangsu,Nantong,,2024年包装机械工业机器人控制,发明,B65B57/20,B65B57/20,本发明涉及包装机械工业机器人控制，用于智能制造场景。
CN202400000548,2024,2024,,Yangzhou智造科技有限公司,2,JiangsuYangzhou高新区,CN,Jiangsu,Yangzhou,,2024年电机预测性维护平台,发明,H02K11/00,H02K11/00,本发明涉及电机预测性维护平台，用于智能制造场景。
CN202400000549,2024,2024,,Zhenjiang智造科技有限公司,2,JiangsuZhenjiang高新区,CN,Jiangsu,Zhenjiang,,2024年工程机械智能排产系统,发明,F15B11/00,F15B11/00,本发明涉及工程机械智能排产系统，用于智能制造场景。
CN202400000550,2024,2024,,Huzhou智造科技有限公司,2,ZhejiangHuzhou高新区,CN,Zhejiang,Huzhou,,2024年机器视觉缺陷检测系统,发明,H01L21/66,H01L21/66,本发明涉及机器视觉缺陷检测系统，用于智能制造场景。
CN202400000551,2024,2024,,Jinhua智造科技有限公司,2,ZhejiangJinhua高新区,CN,Zhejiang,Jinhua,,2024年工业机器人焊接产线控制,发明,B25J9/16,B25J9/16,本发明涉及工业机器人焊接产线控制，用于智能制造场景。
CN202400000552,2024,2024,,Taizhou智造科技有限公司,2,ZhejiangTaizhou高新区,CN,Zhejiang,Taizhou,,2024年预测性维护设备健康管理平台,发明,G05B19/418,G05B19/418,本发明涉及预测性维护设备健康管理平台，用于智能制造场景。
CN202400000553,2024,2024,,Quanzhou智造科技有限公司,2,FujianQuanzhou高新区,CN,Fujian,Quanzhou,,2024年数字孪生生产线仿真优化,发明,G06F30/20,G06F30/20,本发明涉及数字孪生生产线仿真优化，用于智能制造场景。
CN202400000554,2024,2024,,Zhongshan智造科技有限公司,2,GuangdongZhongshan高新区,CN,Guangdong,Zhongshan,,2024年智能质检良率分析系统,发明,G01N21/88,G01N21/88,本发明涉及智能质检良率分析系统，用于智能制造场景。
CN202400000555,2024,2024,,Huizhou智造科技有限公司,2,GuangdongHuizhou高新区,CN,Guangdong,Huizhou,,2024年智能排产调度优化方法,发明,G06Q10/06,G06Q10/06,本发明涉及智能排产调度优化方法，用于智能制造场景。
CN202400000556,2024,2024,,Jiangmen智造科技有限公司,2,GuangdongJiangmen高新区,CN,Guangdong,Jiangmen,,2024年化工过程参数闭环控制,发明,G05D1/02,G05D1/02,本发明涉及化工过程参数闭环控制，用于智能制造场景。
CN202400000557,2024,2024,,Zhaoqing智造科技有限公司,2,GuangdongZhaoqing高新区,CN,Guangdong,Zhaoqing,,2024年智能仓储路径优化系统,发明,G06Q10/08,G06Q10/08,本发明涉及智能仓储路径优化系统，用于智能制造场景。
CN202400000558,2024,2024,,Maanshan智造科技有限公司,2,AnhuiMaanshan高新区,CN,Anhui,Maanshan,,2024年工业互联网MES平台,发明,G06F8/30,G06F8/30,本发明涉及工业互联网MES平台，用于智能制造场景。
CN202400000559,2024,2024,,Wuhu智造科技有限公司,2,AnhuiWuhu高新区,CN,Anhui,Wuhu,,2024年半导体晶圆量测方法,发明,H01L21/672,H01L21/672,本发明涉及半导体晶圆量测方法，用于智能制造场景。
CN202400000560,2024,2024,,Bengbu智造科技有限公司,2,AnhuiBengbu高新区,CN,Anhui,Bengbu,,2024年锂电池极片缺陷检测,发明,H01M10/058,H01M10/058,本发明涉及锂电池极片缺陷检测，用于智能制造场景。
